code,draw,form,team_id,loss,team_name,played,points,position,team_short_name,strength,team_division,unavailable,win,strength_overall_home,strength_overall_away,strength_attack_home,strength_attack_away,strength_defence_home,strength_defence_away,pulse_id,event_id,fixture_id,fixture_difficulty
3,0,,1,0,Arsenal,0,0,0,ARS,4,,False,0,1230,1285,1250,1250,1210,1320,1,1,2.0,2.0
7,0,,2,0,Aston Villa,0,0,0,AVL,3,,False,0,1115,1175,1130,1190,1100,1160,2,1,6.0,4.0
91,0,,3,0,Bournemouth,0,0,0,BOU,3,,False,0,1060,1095,1050,1100,1060,1090,127,1,3.0,2.0
94,0,,4,0,Brentford,0,0,0,BRE,3,,False,0,1125,1205,1120,1220,1130,1190,130,1,8.0,3.0
36,0,,5,0,Brighton,0,0,0,BHA,3,,False,0,1165,1210,1120,1200,1210,1240,131,1,4.0,2.0
90,0,,6,0,Burnley,0,0,0,BUR,2,,False,0,1060,1080,1060,1080,1060,1080,43,1,1.0,5.0
8,0,,7,0,Chelsea,0,0,0,CHE,3,,False,0,1115,1160,1130,1210,1100,1110,4,1,9.0,4.0
31,0,,8,0,Crystal Palace,0,0,0,CRY,3,,False,0,1100,1100,1140,1170,1080,1085,6,1,7.0,2.0
11,0,,9,0,Everton,0,0,0,EVE,3,,False,0,1075,1100,1070,1120,1080,1080,7,1,5.0,2.0
54,0,,10,0,Fulham,0,0,0,FUL,3,,False,0,1095,1100,1090,1090,1100,1140,34,1,5.0,2.0
14,0,,11,0,Liverpool,0,0,0,LIV,4,,False,0,1220,1285,1170,1270,1260,1300,10,1,9.0,3.0
102,0,,12,0,Luton,0,0,0,LUT,2,,False,0,1045,1050,1050,1050,1040,1050,163,1,4.0,3.0
43,0,,13,0,Man City,0,0,0,MCI,5,,False,0,1350,1355,1320,1340,1320,1370,11,1,1.0,2.0
1,0,,14,0,Man Utd,0,0,0,MUN,4,,False,0,1145,1275,1150,1310,1140,1240,12,1,10.0,2.0
4,0,,15,0,Newcastle,0,0,0,NEW,4,,False,0,1220,1280,1250,1310,1190,1250,23,1,6.0,3.0
17,0,,16,0,Nott'm Forest,0,0,0,NFO,3,,False,0,1050,1100,1050,1110,1050,1120,15,1,2.0,4.0
49,0,,17,0,Sheffield Utd,0,0,0,SHU,2,,False,0,1045,1070,1050,1060,1040,1080,18,1,7.0,2.0
6,0,,18,0,Spurs,0,0,0,TOT,3,,False,0,1130,1200,1110,1200,1150,1200,21,1,8.0,3.0
21,0,,19,0,West Ham,0,0,0,WHU,3,,False,0,1095,1140,1100,1150,1090,1130,25,1,3.0,2.0
39,0,,20,0,Wolves,0,0,0,WOL,3,,False,0,1065,1100,1070,1160,1060,1080,38,1,10.0,4.0
3,0,,1,0,Arsenal,0,0,0,ARS,4,,False,0,1230,1285,1250,1250,1210,1320,1,2,12.0,2.0
7,0,,2,0,Aston Villa,0,0,0,AVL,3,,False,0,1115,1175,1130,1190,1100,1160,2,2,11.0,2.0
91,0,,3,0,Bournemouth,0,0,0,BOU,3,,False,0,1060,1095,1050,1100,1060,1090,127,2,14.0,4.0
94,0,,4,0,Brentford,0,0,0,BRE,3,,False,0,1125,1205,1120,1220,1130,1190,130,2,13.0,2.0
36,0,,5,0,Brighton,0,0,0,BHA,3,,False,0,1165,1210,1120,1200,1210,1240,131,2,20.0,2.0
90,0,,6,0,Burnley,0,0,0,BUR,2,,False,0,1060,1080,1060,1080,1060,1080,43,2,,
8,0,,7,0,Chelsea,0,0,0,CHE,3,,False,0,1115,1160,1130,1210,1100,1110,4,2,19.0,3.0
31,0,,8,0,Crystal Palace,0,0,0,CRY,3,,False,0,1100,1100,1140,1170,1080,1085,6,2,12.0,4.0
11,0,,9,0,Everton,0,0,0,EVE,3,,False,0,1075,1100,1070,1120,1080,1080,7,2,11.0,3.0
54,0,,10,0,Fulham,0,0,0,FUL,3,,False,0,1095,1100,1090,1090,1100,1140,34,2,13.0,3.0
14,0,,11,0,Liverpool,0,0,0,LIV,4,,False,0,1220,1285,1170,1270,1260,1300,10,2,14.0,2.0
102,0,,12,0,Luton,0,0,0,LUT,2,,False,0,1045,1050,1050,1050,1040,1050,163,2,,
43,0,,13,0,Man City,0,0,0,MCI,5,,False,0,1350,1355,1320,1340,1320,1370,11,2,16.0,4.0
1,0,,14,0,Man Utd,0,0,0,MUN,4,,False,0,1145,1275,1150,1310,1140,1240,12,2,18.0,3.0
4,0,,15,0,Newcastle,0,0,0,NEW,4,,False,0,1220,1280,1250,1310,1190,1250,23,2,16.0,5.0
17,0,,16,0,Nott'm Forest,0,0,0,NFO,3,,False,0,1050,1100,1050,1110,1050,1120,15,2,17.0,2.0
49,0,,17,0,Sheffield Utd,0,0,0,SHU,2,,False,0,1045,1070,1050,1060,1040,1080,18,2,17.0,2.0
6,0,,18,0,Spurs,0,0,0,TOT,3,,False,0,1130,1200,1110,1200,1150,1200,21,2,18.0,3.0
21,0,,19,0,West Ham,0,0,0,WHU,3,,False,0,1095,1140,1100,1150,1090,1130,25,2,19.0,3.0
39,0,,20,0,Wolves,0,0,0,WOL,3,,False,0,1065,1100,1070,1160,1060,1080,38,2,20.0,3.0
3,0,,1,0,Arsenal,0,0,0,ARS,4,,False,0,1230,1285,1250,1250,1210,1320,1,3,21.0,2.0
7,0,,2,0,Aston Villa,0,0,0,AVL,3,,False,0,1115,1175,1130,1190,1100,1160,2,3,25.0,2.0
91,0,,3,0,Bournemouth,0,0,0,BOU,3,,False,0,1060,1095,1050,1100,1060,1090,127,3,22.0,3.0
94,0,,4,0,Brentford,0,0,0,BRE,3,,False,0,1125,1205,1120,1220,1130,1190,130,3,23.0,2.0
36,0,,5,0,Brighton,0,0,0,BHA,3,,False,0,1165,1210,1120,1200,1210,1240,131,3,24.0,2.0
90,0,,6,0,Burnley,0,0,0,BUR,2,,False,0,1060,1080,1060,1080,1060,1080,43,3,25.0,3.0
8,0,,7,0,Chelsea,0,0,0,CHE,3,,False,0,1115,1160,1130,1210,1100,1110,4,3,26.0,2.0
31,0,,8,0,Crystal Palace,0,0,0,CRY,3,,False,0,1100,1100,1140,1170,1080,1085,6,3,23.0,3.0
11,0,,9,0,Everton,0,0,0,EVE,3,,False,0,1075,1100,1070,1120,1080,1080,7,3,27.0,2.0
54,0,,10,0,Fulham,0,0,0,FUL,3,,False,0,1095,1100,1090,1090,1100,1140,34,3,21.0,4.0
14,0,,11,0,Liverpool,0,0,0,LIV,4,,False,0,1220,1285,1170,1270,1260,1300,10,3,29.0,4.0
102,0,,12,0,Luton,0,0,0,LUT,2,,False,0,1045,1050,1050,1050,1040,1050,163,3,26.0,3.0
43,0,,13,0,Man City,0,0,0,MCI,5,,False,0,1350,1355,1320,1340,1320,1370,11,3,30.0,2.0
1,0,,14,0,Man Utd,0,0,0,MUN,4,,False,0,1145,1275,1150,1310,1140,1240,12,3,28.0,2.0
4,0,,15,0,Newcastle,0,0,0,NEW,4,,False,0,1220,1280,1250,1310,1190,1250,23,3,29.0,4.0
17,0,,16,0,Nott'm Forest,0,0,0,NFO,3,,False,0,1050,1100,1050,1110,1050,1120,15,3,28.0,4.0
49,0,,17,0,Sheffield Utd,0,0,0,SHU,2,,False,0,1045,1070,1050,1060,1040,1080,18,3,30.0,5.0
6,0,,18,0,Spurs,0,0,0,TOT,3,,False,0,1130,1200,1110,1200,1150,1200,21,3,22.0,2.0
21,0,,19,0,West Ham,0,0,0,WHU,3,,False,0,1095,1140,1100,1150,1090,1130,25,3,24.0,3.0
39,0,,20,0,Wolves,0,0,0,WOL,3,,False,0,1065,1100,1070,1160,1060,1080,38,3,27.0,2.0
3,0,,1,0,Arsenal,0,0,0,ARS,4,,False,0,1230,1285,1250,1250,1210,1320,1,4,31.0,3.0
7,0,,2,0,Aston Villa,0,0,0,AVL,3,,False,0,1115,1175,1130,1190,1100,1160,2,4,37.0,4.0
91,0,,3,0,Bournemouth,0,0,0,BOU,3,,False,0,1060,1095,1050,1100,1060,1090,127,4,32.0,3.0
94,0,,4,0,Brentford,0,0,0,BRE,3,,False,0,1125,1205,1120,1220,1130,1190,130,4,32.0,2.0
36,0,,5,0,Brighton,0,0,0,BHA,3,,False,0,1165,1210,1120,1200,1210,1240,131,4,33.0,4.0
90,0,,6,0,Burnley,0,0,0,BUR,2,,False,0,1060,1080,1060,1080,1060,1080,43,4,34.0,3.0
8,0,,7,0,Chelsea,0,0,0,CHE,3,,False,0,1115,1160,1130,1210,1100,1110,4,4,35.0,2.0
31,0,,8,0,Crystal Palace,0,0,0,CRY,3,,False,0,1100,1100,1140,1170,1080,1085,6,4,36.0,2.0
11,0,,9,0,Everton,0,0,0,EVE,3,,False,0,1075,1100,1070,1120,1080,1080,7,4,40.0,2.0
54,0,,10,0,Fulham,0,0,0,FUL,3,,False,0,1095,1100,1090,1090,1100,1140,34,4,39.0,5.0
14,0,,11,0,Liverpool,0,0,0,LIV,4,,False,0,1220,1285,1170,1270,1260,1300,10,4,37.0,3.0
102,0,,12,0,Luton,0,0,0,LUT,2,,False,0,1045,1050,1050,1050,1040,1050,163,4,38.0,2.0
43,0,,13,0,Man City,0,0,0,MCI,5,,False,0,1350,1355,1320,1340,1320,1370,11,4,39.0,2.0
1,0,,14,0,Man Utd,0,0,0,MUN,4,,False,0,1145,1275,1150,1310,1140,1240,12,4,31.0,4.0
4,0,,15,0,Newcastle,0,0,0,NEW,4,,False,0,1220,1280,1250,1310,1190,1250,23,4,33.0,3.0
17,0,,16,0,Nott'm Forest,0,0,0,NFO,3,,False,0,1050,1100,1050,1110,1050,1120,15,4,35.0,3.0
49,0,,17,0,Sheffield Utd,0,0,0,SHU,2,,False,0,1045,1070,1050,1060,1040,1080,18,4,40.0,2.0
6,0,,18,0,Spurs,0,0,0,TOT,3,,False,0,1130,1200,1110,1200,1150,1200,21,4,34.0,2.0
21,0,,19,0,West Ham,0,0,0,WHU,3,,False,0,1095,1140,1100,1150,1090,1130,25,4,38.0,2.0
39,0,,20,0,Wolves,0,0,0,WOL,3,,False,0,1065,1100,1070,1160,1060,1080,38,4,36.0,2.0
3,0,,1,0,Arsenal,0,0,0,ARS,4,,False,0,1230,1285,1250,1250,1210,1320,1,5,43.0,2.0
7,0,,2,0,Aston Villa,0,0,0,AVL,3,,False,0,1115,1175,1130,1190,1100,1160,2,5,41.0,2.0
91,0,,3,0,Bournemouth,0,0,0,BOU,3,,False,0,1060,1095,1050,1100,1060,1090,127,5,42.0,3.0
94,0,,4,0,Brentford,0,0,0,BRE,3,,False,0,1125,1205,1120,1220,1130,1190,130,5,46.0,4.0
36,0,,5,0,Brighton,0,0,0,BHA,3,,False,0,1165,1210,1120,1200,1210,1240,131,5,45.0,4.0
90,0,,6,0,Burnley,0,0,0,BUR,2,,False,0,1060,1080,1060,1080,1060,1080,43,5,47.0,2.0
8,0,,7,0,Chelsea,0,0,0,CHE,3,,False,0,1115,1160,1130,1210,1100,1110,4,5,42.0,2.0
31,0,,8,0,Crystal Palace,0,0,0,CRY,3,,False,0,1100,1100,1140,1170,1080,1085,6,5,41.0,3.0
11,0,,9,0,Everton,0,0,0,EVE,3,,False,0,1075,1100,1070,1120,1080,1080,7,5,43.0,4.0
54,0,,10,0,Fulham,0,0,0,FUL,3,,False,0,1095,1100,1090,1090,1100,1140,34,5,44.0,2.0
14,0,,11,0,Liverpool,0,0,0,LIV,4,,False,0,1220,1285,1170,1270,1260,1300,10,5,50.0,2.0
102,0,,12,0,Luton,0,0,0,LUT,2,,False,0,1045,1050,1050,1050,1040,1050,163,5,44.0,2.0
43,0,,13,0,Man City,0,0,0,MCI,5,,False,0,1350,1355,1320,1340,1320,1370,11,5,49.0,3.0
1,0,,14,0,Man Utd,0,0,0,MUN,4,,False,0,1145,1275,1150,1310,1140,1240,12,5,45.0,3.0
4,0,,15,0,Newcastle,0,0,0,NEW,4,,False,0,1220,1280,1250,1310,1190,1250,23,5,46.0,3.0
17,0,,16,0,Nott'm Forest,0,0,0,NFO,3,,False,0,1050,1100,1050,1110,1050,1120,15,5,47.0,2.0
49,0,,17,0,Sheffield Utd,0,0,0,SHU,2,,False,0,1045,1070,1050,1060,1040,1080,18,5,48.0,3.0
6,0,,18,0,Spurs,0,0,0,TOT,3,,False,0,1130,1200,1110,1200,1150,1200,21,5,48.0,2.0
21,0,,19,0,West Ham,0,0,0,WHU,3,,False,0,1095,1140,1100,1150,1090,1130,25,5,49.0,5.0
39,0,,20,0,Wolves,0,0,0,WOL,3,,False,0,1065,1100,1070,1160,1060,1080,38,5,50.0,4.0
3,0,,1,0,Arsenal,0,0,0,ARS,4,,False,0,1230,1285,1250,1250,1210,1320,1,6,51.0,3.0
7,0,,2,0,Aston Villa,0,0,0,AVL,3,,False,0,1115,1175,1130,1190,1100,1160,2,6,55.0,3.0
91,0,,3,0,Bournemouth,0,0,0,BOU,3,,False,0,1060,1095,1050,1100,1060,1090,127,6,53.0,3.0
94,0,,4,0,Brentford,0,0,0,BRE,3,,False,0,1125,1205,1120,1220,1130,1190,130,6,52.0,2.0
36,0,,5,0,Brighton,0,0,0,BHA,3,,False,0,1165,1210,1120,1200,1210,1240,131,6,53.0,2.0
90,0,,6,0,Burnley,0,0,0,BUR,2,,False,0,1060,1080,1060,1080,1060,1080,43,6,54.0,3.0
8,0,,7,0,Chelsea,0,0,0,CHE,3,,False,0,1115,1160,1130,1210,1100,1110,4,6,55.0,3.0
31,0,,8,0,Crystal Palace,0,0,0,CRY,3,,False,0,1100,1100,1140,1170,1080,1085,6,6,56.0,2.0
11,0,,9,0,Everton,0,0,0,EVE,3,,False,0,1075,1100,1070,1120,1080,1080,7,6,52.0,3.0
54,0,,10,0,Fulham,0,0,0,FUL,3,,False,0,1095,1100,1090,1090,1100,1140,34,6,56.0,2.0
14,0,,11,0,Liverpool,0,0,0,LIV,4,,False,0,1220,1285,1170,1270,1260,1300,10,6,57.0,2.0
102,0,,12,0,Luton,0,0,0,LUT,2,,False,0,1045,1050,1050,1050,1040,1050,163,6,58.0,2.0
43,0,,13,0,Man City,0,0,0,MCI,5,,False,0,1350,1355,1320,1340,1320,1370,11,6,59.0,2.0
1,0,,14,0,Man Utd,0,0,0,MUN,4,,False,0,1145,1275,1150,1310,1140,1240,12,6,54.0,2.0
4,0,,15,0,Newcastle,0,0,0,NEW,4,,False,0,1220,1280,1250,1310,1190,1250,23,6,60.0,2.0
17,0,,16,0,Nott'm Forest,0,0,0,NFO,3,,False,0,1050,1100,1050,1110,1050,1120,15,6,59.0,5.0
49,0,,17,0,Sheffield Utd,0,0,0,SHU,2,,False,0,1045,1070,1050,1060,1040,1080,18,6,60.0,4.0
6,0,,18,0,Spurs,0,0,0,TOT,3,,False,0,1130,1200,1110,1200,1150,1200,21,6,51.0,4.0
21,0,,19,0,West Ham,0,0,0,WHU,3,,False,0,1095,1140,1100,1150,1090,1130,25,6,57.0,4.0
39,0,,20,0,Wolves,0,0,0,WOL,3,,False,0,1065,1100,1070,1160,1060,1080,38,6,58.0,2.0
3,0,,1,0,Arsenal,0,0,0,ARS,4,,False,0,1230,1285,1250,1250,1210,1320,1,7,62.0,2.0
7,0,,2,0,Aston Villa,0,0,0,AVL,3,,False,0,1115,1175,1130,1190,1100,1160,2,7,61.0,3.0
91,0,,3,0,Bournemouth,0,0,0,BOU,3,,False,0,1060,1095,1050,1100,1060,1090,127,7,62.0,4.0
94,0,,4,0,Brentford,0,0,0,BRE,3,,False,0,1125,1205,1120,1220,1130,1190,130,7,67.0,2.0
36,0,,5,0,Brighton,0,0,0,BHA,3,,False,0,1165,1210,1120,1200,1210,1240,131,7,61.0,3.0
90,0,,6,0,Burnley,0,0,0,BUR,2,,False,0,1060,1080,1060,1080,1060,1080,43,7,66.0,4.0
8,0,,7,0,Chelsea,0,0,0,CHE,3,,False,0,1115,1160,1130,1210,1100,1110,4,7,64.0,2.0
31,0,,8,0,Crystal Palace,0,0,0,CRY,3,,False,0,1100,1100,1140,1170,1080,1085,6,7,65.0,4.0
11,0,,9,0,Everton,0,0,0,EVE,3,,False,0,1075,1100,1070,1120,1080,1080,7,7,63.0,2.0
54,0,,10,0,Fulham,0,0,0,FUL,3,,False,0,1095,1100,1090,1090,1100,1140,34,7,64.0,3.0
14,0,,11,0,Liverpool,0,0,0,LIV,4,,False,0,1220,1285,1170,1270,1260,1300,10,7,68.0,3.0
102,0,,12,0,Luton,0,0,0,LUT,2,,False,0,1045,1050,1050,1050,1040,1050,163,7,63.0,2.0
43,0,,13,0,Man City,0,0,0,MCI,5,,False,0,1350,1355,1320,1340,1320,1370,11,7,70.0,2.0
1,0,,14,0,Man Utd,0,0,0,MUN,4,,False,0,1145,1275,1150,1310,1140,1240,12,7,65.0,2.0
4,0,,15,0,Newcastle,0,0,0,NEW,4,,False,0,1220,1280,1250,1310,1190,1250,23,7,66.0,2.0
17,0,,16,0,Nott'm Forest,0,0,0,NFO,3,,False,0,1050,1100,1050,1110,1050,1120,15,7,67.0,3.0
49,0,,17,0,Sheffield Utd,0,0,0,SHU,2,,False,0,1045,1070,1050,1060,1040,1080,18,7,69.0,3.0
6,0,,18,0,Spurs,0,0,0,TOT,3,,False,0,1130,1200,1110,1200,1150,1200,21,7,68.0,4.0
21,0,,19,0,West Ham,0,0,0,WHU,3,,False,0,1095,1140,1100,1150,1090,1130,25,7,69.0,2.0
39,0,,20,0,Wolves,0,0,0,WOL,3,,False,0,1065,1100,1070,1160,1060,1080,38,7,70.0,5.0
3,0,,1,0,Arsenal,0,0,0,ARS,4,,False,0,1230,1285,1250,1250,1210,1320,1,8,71.0,5.0
7,0,,2,0,Aston Villa,0,0,0,AVL,3,,False,0,1115,1175,1130,1190,1100,1160,2,8,80.0,2.0
91,0,,3,0,Bournemouth,0,0,0,BOU,3,,False,0,1060,1095,1050,1100,1060,1090,127,8,75.0,2.0
94,0,,4,0,Brentford,0,0,0,BRE,3,,False,0,1125,1205,1120,1220,1130,1190,130,8,78.0,4.0
36,0,,5,0,Brighton,0,0,0,BHA,3,,False,0,1165,1210,1120,1200,1210,1240,131,8,72.0,4.0
90,0,,6,0,Burnley,0,0,0,BUR,2,,False,0,1060,1080,1060,1080,1060,1080,43,8,73.0,3.0
8,0,,7,0,Chelsea,0,0,0,CHE,3,,False,0,1115,1160,1130,1210,1100,1110,4,8,73.0,2.0
31,0,,8,0,Crystal Palace,0,0,0,CRY,3,,False,0,1100,1100,1140,1170,1080,1085,6,8,74.0,2.0
11,0,,9,0,Everton,0,0,0,EVE,3,,False,0,1075,1100,1070,1120,1080,1080,7,8,75.0,2.0
54,0,,10,0,Fulham,0,0,0,FUL,3,,False,0,1095,1100,1090,1090,1100,1140,34,8,76.0,2.0
14,0,,11,0,Liverpool,0,0,0,LIV,4,,False,0,1220,1285,1170,1270,1260,1300,10,8,72.0,3.0
102,0,,12,0,Luton,0,0,0,LUT,2,,False,0,1045,1050,1050,1050,1040,1050,163,8,77.0,3.0
43,0,,13,0,Man City,0,0,0,MCI,5,,False,0,1350,1355,1320,1340,1320,1370,11,8,71.0,4.0
1,0,,14,0,Man Utd,0,0,0,MUN,4,,False,0,1145,1275,1150,1310,1140,1240,12,8,78.0,3.0
4,0,,15,0,Newcastle,0,0,0,NEW,4,,False,0,1220,1280,1250,1310,1190,1250,23,8,79.0,3.0
17,0,,16,0,Nott'm Forest,0,0,0,NFO,3,,False,0,1050,1100,1050,1110,1050,1120,15,8,74.0,2.0
49,0,,17,0,Sheffield Utd,0,0,0,SHU,2,,False,0,1045,1070,1050,1060,1040,1080,18,8,76.0,2.0
6,0,,18,0,Spurs,0,0,0,TOT,3,,False,0,1130,1200,1110,1200,1150,1200,21,8,77.0,2.0
21,0,,19,0,West Ham,0,0,0,WHU,3,,False,0,1095,1140,1100,1150,1090,1130,25,8,79.0,4.0
39,0,,20,0,Wolves,0,0,0,WOL,3,,False,0,1065,1100,1070,1160,1060,1080,38,8,80.0,3.0
3,0,,1,0,Arsenal,0,0,0,ARS,4,,False,0,1230,1285,1250,1250,1210,1320,1,9,84.0,3.0
7,0,,2,0,Aston Villa,0,0,0,AVL,3,,False,0,1115,1175,1130,1190,1100,1160,2,9,81.0,2.0
91,0,,3,0,Bournemouth,0,0,0,BOU,3,,False,0,1060,1095,1050,1100,1060,1090,127,9,82.0,2.0
94,0,,4,0,Brentford,0,0,0,BRE,3,,False,0,1125,1205,1120,1220,1130,1190,130,9,83.0,2.0
36,0,,5,0,Brighton,0,0,0,BHA,3,,False,0,1165,1210,1120,1200,1210,1240,131,9,86.0,5.0
90,0,,6,0,Burnley,0,0,0,BUR,2,,False,0,1060,1080,1060,1080,1060,1080,43,9,83.0,3.0
8,0,,7,0,Chelsea,0,0,0,CHE,3,,False,0,1115,1160,1130,1210,1100,1110,4,9,84.0,4.0
31,0,,8,0,Crystal Palace,0,0,0,CRY,3,,False,0,1100,1100,1140,1170,1080,1085,6,9,87.0,4.0
11,0,,9,0,Everton,0,0,0,EVE,3,,False,0,1075,1100,1070,1120,1080,1080,7,9,85.0,4.0
54,0,,10,0,Fulham,0,0,0,FUL,3,,False,0,1095,1100,1090,1090,1100,1140,34,9,90.0,3.0
14,0,,11,0,Liverpool,0,0,0,LIV,4,,False,0,1220,1285,1170,1270,1260,1300,10,9,85.0,2.0
102,0,,12,0,Luton,0,0,0,LUT,2,,False,0,1045,1050,1050,1050,1040,1050,163,9,88.0,2.0
43,0,,13,0,Man City,0,0,0,MCI,5,,False,0,1350,1355,1320,1340,1320,1370,11,9,86.0,3.0
1,0,,14,0,Man Utd,0,0,0,MUN,4,,False,0,1145,1275,1150,1310,1140,1240,12,9,89.0,2.0
4,0,,15,0,Newcastle,0,0,0,NEW,4,,False,0,1220,1280,1250,1310,1190,1250,23,9,87.0,2.0
17,0,,16,0,Nott'm Forest,0,0,0,NFO,3,,False,0,1050,1100,1050,1110,1050,1120,15,9,88.0,2.0
49,0,,17,0,Sheffield Utd,0,0,0,SHU,2,,False,0,1045,1070,1050,1060,1040,1080,18,9,89.0,3.0
6,0,,18,0,Spurs,0,0,0,TOT,3,,False,0,1130,1200,1110,1200,1150,1200,21,9,90.0,2.0
21,0,,19,0,West Ham,0,0,0,WHU,3,,False,0,1095,1140,1100,1150,1090,1130,25,9,81.0,3.0
39,0,,20,0,Wolves,0,0,0,WOL,3,,False,0,1065,1100,1070,1160,1060,1080,38,9,82.0,2.0
3,0,,1,0,Arsenal,0,0,0,ARS,4,,False,0,1230,1285,1250,1250,1210,1320,1,10,91.0,2.0
7,0,,2,0,Aston Villa,0,0,0,AVL,3,,False,0,1115,1175,1130,1190,1100,1160,2,10,92.0,2.0
91,0,,3,0,Bournemouth,0,0,0,BOU,3,,False,0,1060,1095,1050,1100,1060,1090,127,10,93.0,2.0
94,0,,4,0,Brentford,0,0,0,BRE,3,,False,0,1125,1205,1120,1220,1130,1190,130,10,95.0,3.0
36,0,,5,0,Brighton,0,0,0,BHA,3,,False,0,1165,1210,1120,1200,1210,1240,131,10,94.0,2.0
90,0,,6,0,Burnley,0,0,0,BUR,2,,False,0,1060,1080,1060,1080,1060,1080,43,10,93.0,2.0
8,0,,7,0,Chelsea,0,0,0,CHE,3,,False,0,1115,1160,1130,1210,1100,1110,4,10,95.0,3.0
31,0,,8,0,Crystal Palace,0,0,0,CRY,3,,False,0,1100,1100,1140,1170,1080,1085,6,10,96.0,3.0
11,0,,9,0,Everton,0,0,0,EVE,3,,False,0,1075,1100,1070,1120,1080,1080,7,10,99.0,3.0
54,0,,10,0,Fulham,0,0,0,FUL,3,,False,0,1095,1100,1090,1090,1100,1140,34,10,94.0,3.0
14,0,,11,0,Liverpool,0,0,0,LIV,4,,False,0,1220,1285,1170,1270,1260,1300,10,10,97.0,2.0
102,0,,12,0,Luton,0,0,0,LUT,2,,False,0,1045,1050,1050,1050,1040,1050,163,10,92.0,3.0
43,0,,13,0,Man City,0,0,0,MCI,5,,False,0,1350,1355,1320,1340,1320,1370,11,10,98.0,4.0
1,0,,14,0,Man Utd,0,0,0,MUN,4,,False,0,1145,1275,1150,1310,1140,1240,12,10,98.0,5.0
4,0,,15,0,Newcastle,0,0,0,NEW,4,,False,0,1220,1280,1250,1310,1190,1250,23,10,100.0,2.0
17,0,,16,0,Nott'm Forest,0,0,0,NFO,3,,False,0,1050,1100,1050,1110,1050,1120,15,10,97.0,4.0
49,0,,17,0,Sheffield Utd,0,0,0,SHU,2,,False,0,1045,1070,1050,1060,1040,1080,18,10,91.0,4.0
6,0,,18,0,Spurs,0,0,0,TOT,3,,False,0,1130,1200,1110,1200,1150,1200,21,10,96.0,2.0
21,0,,19,0,West Ham,0,0,0,WHU,3,,False,0,1095,1140,1100,1150,1090,1130,25,10,99.0,2.0
39,0,,20,0,Wolves,0,0,0,WOL,3,,False,0,1065,1100,1070,1160,1060,1080,38,10,100.0,4.0
3,0,,1,0,Arsenal,0,0,0,ARS,4,,False,0,1230,1285,1250,1250,1210,1320,1,11,107.0,4.0
7,0,,2,0,Aston Villa,0,0,0,AVL,3,,False,0,1115,1175,1130,1190,1100,1160,2,11,108.0,2.0
91,0,,3,0,Bournemouth,0,0,0,BOU,3,,False,0,1060,1095,1050,1100,1060,1090,127,11,106.0,5.0
94,0,,4,0,Brentford,0,0,0,BRE,3,,False,0,1125,1205,1120,1220,1130,1190,130,11,101.0,2.0
36,0,,5,0,Brighton,0,0,0,BHA,3,,False,0,1165,1210,1120,1200,1210,1240,131,11,103.0,2.0
90,0,,6,0,Burnley,0,0,0,BUR,2,,False,0,1060,1080,1060,1080,1060,1080,43,11,102.0,2.0
8,0,,7,0,Chelsea,0,0,0,CHE,3,,False,0,1115,1160,1130,1210,1100,1110,4,11,110.0,3.0
31,0,,8,0,Crystal Palace,0,0,0,CRY,3,,False,0,1100,1100,1140,1170,1080,1085,6,11,102.0,2.0
11,0,,9,0,Everton,0,0,0,EVE,3,,False,0,1075,1100,1070,1120,1080,1080,7,11,103.0,3.0
54,0,,10,0,Fulham,0,0,0,FUL,3,,False,0,1095,1100,1090,1090,1100,1140,34,11,104.0,3.0
14,0,,11,0,Liverpool,0,0,0,LIV,4,,False,0,1220,1285,1170,1270,1260,1300,10,11,105.0,2.0
102,0,,12,0,Luton,0,0,0,LUT,2,,False,0,1045,1050,1050,1050,1040,1050,163,11,105.0,4.0
43,0,,13,0,Man City,0,0,0,MCI,5,,False,0,1350,1355,1320,1340,1320,1370,11,11,106.0,2.0
1,0,,14,0,Man Utd,0,0,0,MUN,4,,False,0,1145,1275,1150,1310,1140,1240,12,11,104.0,2.0
4,0,,15,0,Newcastle,0,0,0,NEW,4,,False,0,1220,1280,1250,1310,1190,1250,23,11,107.0,4.0
17,0,,16,0,Nott'm Forest,0,0,0,NFO,3,,False,0,1050,1100,1050,1110,1050,1120,15,11,108.0,3.0
49,0,,17,0,Sheffield Utd,0,0,0,SHU,2,,False,0,1045,1070,1050,1060,1040,1080,18,11,109.0,2.0
6,0,,18,0,Spurs,0,0,0,TOT,3,,False,0,1130,1200,1110,1200,1150,1200,21,11,110.0,3.0
21,0,,19,0,West Ham,0,0,0,WHU,3,,False,0,1095,1140,1100,1150,1090,1130,25,11,101.0,3.0
39,0,,20,0,Wolves,0,0,0,WOL,3,,False,0,1065,1100,1070,1160,1060,1080,38,11,109.0,2.0
3,0,,1,0,Arsenal,0,0,0,ARS,4,,False,0,1230,1285,1250,1250,1210,1320,1,12,111.0,2.0
7,0,,2,0,Aston Villa,0,0,0,AVL,3,,False,0,1115,1175,1130,1190,1100,1160,2,12,112.0,2.0
91,0,,3,0,Bournemouth,0,0,0,BOU,3,,False,0,1060,1095,1050,1100,1060,1090,127,12,113.0,4.0
94,0,,4,0,Brentford,0,0,0,BRE,3,,False,0,1125,1205,1120,1220,1130,1190,130,12,117.0,4.0
36,0,,5,0,Brighton,0,0,0,BHA,3,,False,0,1165,1210,1120,1200,1210,1240,131,12,114.0,2.0
90,0,,6,0,Burnley,0,0,0,BUR,2,,False,0,1060,1080,1060,1080,1060,1080,43,12,111.0,4.0
8,0,,7,0,Chelsea,0,0,0,CHE,3,,False,0,1115,1160,1130,1210,1100,1110,4,12,115.0,5.0
31,0,,8,0,Crystal Palace,0,0,0,CRY,3,,False,0,1100,1100,1140,1170,1080,1085,6,12,116.0,2.0
11,0,,9,0,Everton,0,0,0,EVE,3,,False,0,1075,1100,1070,1120,1080,1080,7,12,116.0,2.0
54,0,,10,0,Fulham,0,0,0,FUL,3,,False,0,1095,1100,1090,1090,1100,1140,34,12,112.0,3.0
14,0,,11,0,Liverpool,0,0,0,LIV,4,,False,0,1220,1285,1170,1270,1260,1300,10,12,117.0,3.0
102,0,,12,0,Luton,0,0,0,LUT,2,,False,0,1045,1050,1050,1050,1040,1050,163,12,118.0,4.0
43,0,,13,0,Man City,0,0,0,MCI,5,,False,0,1350,1355,1320,1340,1320,1370,11,12,115.0,3.0
1,0,,14,0,Man Utd,0,0,0,MUN,4,,False,0,1145,1275,1150,1310,1140,1240,12,12,118.0,2.0
4,0,,15,0,Newcastle,0,0,0,NEW,4,,False,0,1220,1280,1250,1310,1190,1250,23,12,113.0,2.0
17,0,,16,0,Nott'm Forest,0,0,0,NFO,3,,False,0,1050,1100,1050,1110,1050,1120,15,12,119.0,3.0
49,0,,17,0,Sheffield Utd,0,0,0,SHU,2,,False,0,1045,1070,1050,1060,1040,1080,18,12,114.0,3.0
6,0,,18,0,Spurs,0,0,0,TOT,3,,False,0,1130,1200,1110,1200,1150,1200,21,12,120.0,2.0
21,0,,19,0,West Ham,0,0,0,WHU,3,,False,0,1095,1140,1100,1150,1090,1130,25,12,119.0,2.0
39,0,,20,0,Wolves,0,0,0,WOL,3,,False,0,1065,1100,1070,1160,1060,1080,38,12,120.0,3.0
3,0,,1,0,Arsenal,0,0,0,ARS,4,,False,0,1230,1285,1250,1250,1210,1320,1,13,121.0,3.0
7,0,,2,0,Aston Villa,0,0,0,AVL,3,,False,0,1115,1175,1130,1190,1100,1160,2,13,130.0,3.0
91,0,,3,0,Bournemouth,0,0,0,BOU,3,,False,0,1060,1095,1050,1100,1060,1090,127,13,129.0,2.0
94,0,,4,0,Brentford,0,0,0,BRE,3,,False,0,1125,1205,1120,1220,1130,1190,130,13,121.0,4.0
36,0,,5,0,Brighton,0,0,0,BHA,3,,False,0,1165,1210,1120,1200,1210,1240,131,13,128.0,2.0
90,0,,6,0,Burnley,0,0,0,BUR,2,,False,0,1060,1080,1060,1080,1060,1080,43,13,122.0,2.0
8,0,,7,0,Chelsea,0,0,0,CHE,3,,False,0,1115,1160,1130,1210,1100,1110,4,13,127.0,4.0
31,0,,8,0,Crystal Palace,0,0,0,CRY,3,,False,0,1100,1100,1140,1170,1080,1085,6,13,125.0,2.0
11,0,,9,0,Everton,0,0,0,EVE,3,,False,0,1075,1100,1070,1120,1080,1080,7,13,123.0,3.0
54,0,,10,0,Fulham,0,0,0,FUL,3,,False,0,1095,1100,1090,1090,1100,1140,34,13,124.0,2.0
14,0,,11,0,Liverpool,0,0,0,LIV,4,,False,0,1220,1285,1170,1270,1260,1300,10,13,126.0,5.0
102,0,,12,0,Luton,0,0,0,LUT,2,,False,0,1045,1050,1050,1050,1040,1050,163,13,125.0,2.0
43,0,,13,0,Man City,0,0,0,MCI,5,,False,0,1350,1355,1320,1340,1320,1370,11,13,126.0,4.0
1,0,,14,0,Man Utd,0,0,0,MUN,4,,False,0,1145,1275,1150,1310,1140,1240,12,13,123.0,2.0
4,0,,15,0,Newcastle,0,0,0,NEW,4,,False,0,1220,1280,1250,1310,1190,1250,23,13,127.0,3.0
17,0,,16,0,Nott'm Forest,0,0,0,NFO,3,,False,0,1050,1100,1050,1110,1050,1120,15,13,128.0,3.0
49,0,,17,0,Sheffield Utd,0,0,0,SHU,2,,False,0,1045,1070,1050,1060,1040,1080,18,13,129.0,2.0
6,0,,18,0,Spurs,0,0,0,TOT,3,,False,0,1130,1200,1110,1200,1150,1200,21,13,130.0,3.0
21,0,,19,0,West Ham,0,0,0,WHU,3,,False,0,1095,1140,1100,1150,1090,1130,25,13,122.0,2.0
39,0,,20,0,Wolves,0,0,0,WOL,3,,False,0,1065,1100,1070,1160,1060,1080,38,13,124.0,2.0
3,0,,1,0,Arsenal,0,0,0,ARS,4,,False,0,1230,1285,1250,1250,1210,1320,1,14,131.0,2.0
7,0,,2,0,Aston Villa,0,0,0,AVL,3,,False,0,1115,1175,1130,1190,1100,1160,2,14,132.0,2.0
91,0,,3,0,Bournemouth,0,0,0,BOU,3,,False,0,1060,1095,1050,1100,1060,1090,127,14,132.0,3.0
94,0,,4,0,Brentford,0,0,0,BRE,3,,False,0,1125,1205,1120,1220,1130,1190,130,14,133.0,2.0
36,0,,5,0,Brighton,0,0,0,BHA,3,,False,0,1165,1210,1120,1200,1210,1240,131,14,135.0,3.0
90,0,,6,0,Burnley,0,0,0,BUR,2,,False,0,1060,1080,1060,1080,1060,1080,43,14,134.0,2.0
8,0,,7,0,Chelsea,0,0,0,CHE,3,,False,0,1115,1160,1130,1210,1100,1110,4,14,135.0,3.0
31,0,,8,0,Crystal Palace,0,0,0,CRY,3,,False,0,1100,1100,1140,1170,1080,1085,6,14,140.0,3.0
11,0,,9,0,Everton,0,0,0,EVE,3,,False,0,1075,1100,1070,1120,1080,1080,7,14,139.0,2.0
54,0,,10,0,Fulham,0,0,0,FUL,3,,False,0,1095,1100,1090,1090,1100,1140,34,14,136.0,4.0
14,0,,11,0,Liverpool,0,0,0,LIV,4,,False,0,1220,1285,1170,1270,1260,1300,10,14,136.0,2.0
102,0,,12,0,Luton,0,0,0,LUT,2,,False,0,1045,1050,1050,1050,1040,1050,163,14,133.0,3.0
43,0,,13,0,Man City,0,0,0,MCI,5,,False,0,1350,1355,1320,1340,1320,1370,11,14,137.0,3.0
1,0,,14,0,Man Utd,0,0,0,MUN,4,,False,0,1145,1275,1150,1310,1140,1240,12,14,138.0,4.0
4,0,,15,0,Newcastle,0,0,0,NEW,4,,False,0,1220,1280,1250,1310,1190,1250,23,14,138.0,3.0
17,0,,16,0,Nott'm Forest,0,0,0,NFO,3,,False,0,1050,1100,1050,1110,1050,1120,15,14,139.0,2.0
49,0,,17,0,Sheffield Utd,0,0,0,SHU,2,,False,0,1045,1070,1050,1060,1040,1080,18,14,134.0,2.0
6,0,,18,0,Spurs,0,0,0,TOT,3,,False,0,1130,1200,1110,1200,1150,1200,21,14,137.0,5.0
21,0,,19,0,West Ham,0,0,0,WHU,3,,False,0,1095,1140,1100,1150,1090,1130,25,14,140.0,2.0
39,0,,20,0,Wolves,0,0,0,WOL,3,,False,0,1065,1100,1070,1160,1060,1080,38,14,131.0,4.0
3,0,,1,0,Arsenal,0,0,0,ARS,4,,False,0,1230,1285,1250,1250,1210,1320,1,15,146.0,2.0
7,0,,2,0,Aston Villa,0,0,0,AVL,3,,False,0,1115,1175,1130,1190,1100,1160,2,15,141.0,5.0
91,0,,3,0,Bournemouth,0,0,0,BOU,3,,False,0,1060,1095,1050,1100,1060,1090,127,15,143.0,2.0
94,0,,4,0,Brentford,0,0,0,BRE,3,,False,0,1125,1205,1120,1220,1130,1190,130,15,142.0,3.0
36,0,,5,0,Brighton,0,0,0,BHA,3,,False,0,1165,1210,1120,1200,1210,1240,131,15,142.0,3.0
90,0,,6,0,Burnley,0,0,0,BUR,2,,False,0,1060,1080,1060,1080,1060,1080,43,15,149.0,2.0
8,0,,7,0,Chelsea,0,0,0,CHE,3,,False,0,1115,1160,1130,1210,1100,1110,4,15,150.0,4.0
31,0,,8,0,Crystal Palace,0,0,0,CRY,3,,False,0,1100,1100,1140,1170,1080,1085,6,15,143.0,2.0
11,0,,9,0,Everton,0,0,0,EVE,3,,False,0,1075,1100,1070,1120,1080,1080,7,15,144.0,4.0
54,0,,10,0,Fulham,0,0,0,FUL,3,,False,0,1095,1100,1090,1090,1100,1140,34,15,145.0,2.0
14,0,,11,0,Liverpool,0,0,0,LIV,4,,False,0,1220,1285,1170,1270,1260,1300,10,15,147.0,2.0
102,0,,12,0,Luton,0,0,0,LUT,2,,False,0,1045,1050,1050,1050,1040,1050,163,15,146.0,4.0
43,0,,13,0,Man City,0,0,0,MCI,5,,False,0,1350,1355,1320,1340,1320,1370,11,15,141.0,3.0
1,0,,14,0,Man Utd,0,0,0,MUN,4,,False,0,1145,1275,1150,1310,1140,1240,12,15,150.0,3.0
4,0,,15,0,Newcastle,0,0,0,NEW,4,,False,0,1220,1280,1250,1310,1190,1250,23,15,144.0,2.0
17,0,,16,0,Nott'm Forest,0,0,0,NFO,3,,False,0,1050,1100,1050,1110,1050,1120,15,15,145.0,2.0
49,0,,17,0,Sheffield Utd,0,0,0,SHU,2,,False,0,1045,1070,1050,1060,1040,1080,18,15,147.0,4.0
6,0,,18,0,Spurs,0,0,0,TOT,3,,False,0,1130,1200,1110,1200,1150,1200,21,15,148.0,2.0
21,0,,19,0,West Ham,0,0,0,WHU,3,,False,0,1095,1140,1100,1150,1090,1130,25,15,148.0,3.0
39,0,,20,0,Wolves,0,0,0,WOL,3,,False,0,1065,1100,1070,1160,1060,1080,38,15,149.0,2.0
3,0,,1,0,Arsenal,0,0,0,ARS,4,,False,0,1230,1285,1250,1250,1210,1320,1,16,151.0,3.0
7,0,,2,0,Aston Villa,0,0,0,AVL,3,,False,0,1115,1175,1130,1190,1100,1160,2,16,151.0,4.0
91,0,,3,0,Bournemouth,0,0,0,BOU,3,,False,0,1060,1095,1050,1100,1060,1090,127,16,157.0,4.0
94,0,,4,0,Brentford,0,0,0,BRE,3,,False,0,1125,1205,1120,1220,1130,1190,130,16,158.0,2.0
36,0,,5,0,Brighton,0,0,0,BHA,3,,False,0,1165,1210,1120,1200,1210,1240,131,16,152.0,2.0
90,0,,6,0,Burnley,0,0,0,BUR,2,,False,0,1060,1080,1060,1080,1060,1080,43,16,152.0,3.0
8,0,,7,0,Chelsea,0,0,0,CHE,3,,False,0,1115,1160,1130,1210,1100,1110,4,16,154.0,2.0
31,0,,8,0,Crystal Palace,0,0,0,CRY,3,,False,0,1100,1100,1140,1170,1080,1085,6,16,153.0,4.0
11,0,,9,0,Everton,0,0,0,EVE,3,,False,0,1075,1100,1070,1120,1080,1080,7,16,154.0,3.0
54,0,,10,0,Fulham,0,0,0,FUL,3,,False,0,1095,1100,1090,1090,1100,1140,34,16,155.0,2.0
14,0,,11,0,Liverpool,0,0,0,LIV,4,,False,0,1220,1285,1170,1270,1260,1300,10,16,153.0,2.0
102,0,,12,0,Luton,0,0,0,LUT,2,,False,0,1045,1050,1050,1050,1040,1050,163,16,156.0,5.0
43,0,,13,0,Man City,0,0,0,MCI,5,,False,0,1350,1355,1320,1340,1320,1370,11,16,156.0,2.0
1,0,,14,0,Man Utd,0,0,0,MUN,4,,False,0,1145,1275,1150,1310,1140,1240,12,16,157.0,2.0
4,0,,15,0,Newcastle,0,0,0,NEW,4,,False,0,1220,1280,1250,1310,1190,1250,23,16,159.0,3.0
17,0,,16,0,Nott'm Forest,0,0,0,NFO,3,,False,0,1050,1100,1050,1110,1050,1120,15,16,160.0,2.0
49,0,,17,0,Sheffield Utd,0,0,0,SHU,2,,False,0,1045,1070,1050,1060,1040,1080,18,16,158.0,3.0
6,0,,18,0,Spurs,0,0,0,TOT,3,,False,0,1130,1200,1110,1200,1150,1200,21,16,159.0,4.0
21,0,,19,0,West Ham,0,0,0,WHU,3,,False,0,1095,1140,1100,1150,1090,1130,25,16,155.0,2.0
39,0,,20,0,Wolves,0,0,0,WOL,3,,False,0,1065,1100,1070,1160,1060,1080,38,16,160.0,2.0
3,0,,1,0,Arsenal,0,0,0,ARS,4,,False,0,1230,1285,1250,1250,1210,1320,1,17,161.0,3.0
7,0,,2,0,Aston Villa,0,0,0,AVL,3,,False,0,1115,1175,1130,1190,1100,1160,2,17,163.0,3.0
91,0,,3,0,Bournemouth,0,0,0,BOU,3,,False,0,1060,1095,1050,1100,1060,1090,127,17,162.0,2.0
94,0,,4,0,Brentford,0,0,0,BRE,3,,False,0,1125,1205,1120,1220,1130,1190,130,17,163.0,3.0
36,0,,5,0,Brighton,0,0,0,BHA,3,,False,0,1165,1210,1120,1200,1210,1240,131,17,161.0,4.0
90,0,,6,0,Burnley,0,0,0,BUR,2,,False,0,1060,1080,1060,1080,1060,1080,43,17,164.0,2.0
8,0,,7,0,Chelsea,0,0,0,CHE,3,,False,0,1115,1160,1130,1210,1100,1110,4,17,165.0,2.0
31,0,,8,0,Crystal Palace,0,0,0,CRY,3,,False,0,1100,1100,1140,1170,1080,1085,6,17,167.0,5.0
11,0,,9,0,Everton,0,0,0,EVE,3,,False,0,1075,1100,1070,1120,1080,1080,7,17,164.0,2.0
54,0,,10,0,Fulham,0,0,0,FUL,3,,False,0,1095,1100,1090,1090,1100,1140,34,17,168.0,4.0
14,0,,11,0,Liverpool,0,0,0,LIV,4,,False,0,1220,1285,1170,1270,1260,1300,10,17,166.0,3.0
102,0,,12,0,Luton,0,0,0,LUT,2,,False,0,1045,1050,1050,1050,1040,1050,163,17,162.0,2.0
43,0,,13,0,Man City,0,0,0,MCI,5,,False,0,1350,1355,1320,1340,1320,1370,11,17,167.0,2.0
1,0,,14,0,Man Utd,0,0,0,MUN,4,,False,0,1145,1275,1150,1310,1140,1240,12,17,166.0,4.0
4,0,,15,0,Newcastle,0,0,0,NEW,4,,False,0,1220,1280,1250,1310,1190,1250,23,17,168.0,2.0
17,0,,16,0,Nott'm Forest,0,0,0,NFO,3,,False,0,1050,1100,1050,1110,1050,1120,15,17,169.0,3.0
49,0,,17,0,Sheffield Utd,0,0,0,SHU,2,,False,0,1045,1070,1050,1060,1040,1080,18,17,165.0,3.0
6,0,,18,0,Spurs,0,0,0,TOT,3,,False,0,1130,1200,1110,1200,1150,1200,21,17,169.0,2.0
21,0,,19,0,West Ham,0,0,0,WHU,3,,False,0,1095,1140,1100,1150,1090,1130,25,17,170.0,2.0
39,0,,20,0,Wolves,0,0,0,WOL,3,,False,0,1065,1100,1070,1160,1060,1080,38,17,170.0,3.0
3,0,,1,0,Arsenal,0,0,0,ARS,4,,False,0,1230,1285,1250,1250,1210,1320,1,18,174.0,4.0
7,0,,2,0,Aston Villa,0,0,0,AVL,3,,False,0,1115,1175,1130,1190,1100,1160,2,18,171.0,2.0
91,0,,3,0,Bournemouth,0,0,0,BOU,3,,False,0,1060,1095,1050,1100,1060,1090,127,18,177.0,2.0
94,0,,4,0,Brentford,0,0,0,BRE,3,,False,0,1125,1205,1120,1220,1130,1190,130,18,,
36,0,,5,0,Brighton,0,0,0,BHA,3,,False,0,1165,1210,1120,1200,1210,1240,131,18,172.0,2.0
90,0,,6,0,Burnley,0,0,0,BUR,2,,False,0,1060,1080,1060,1080,1060,1080,43,18,173.0,2.0
8,0,,7,0,Chelsea,0,0,0,CHE,3,,False,0,1115,1160,1130,1210,1100,1110,4,18,180.0,2.0
31,0,,8,0,Crystal Palace,0,0,0,CRY,3,,False,0,1100,1100,1140,1170,1080,1085,6,18,172.0,3.0
11,0,,9,0,Everton,0,0,0,EVE,3,,False,0,1075,1100,1070,1120,1080,1080,7,18,178.0,3.0
54,0,,10,0,Fulham,0,0,0,FUL,3,,False,0,1095,1100,1090,1090,1100,1140,34,18,173.0,2.0
14,0,,11,0,Liverpool,0,0,0,LIV,4,,False,0,1220,1285,1170,1270,1260,1300,10,18,174.0,4.0
102,0,,12,0,Luton,0,0,0,LUT,2,,False,0,1045,1050,1050,1050,1040,1050,163,18,175.0,4.0
43,0,,13,0,Man City,0,0,0,MCI,5,,False,0,1350,1355,1320,1340,1320,1370,11,18,,
1,0,,14,0,Man Utd,0,0,0,MUN,4,,False,0,1145,1275,1150,1310,1140,1240,12,18,179.0,3.0
4,0,,15,0,Newcastle,0,0,0,NEW,4,,False,0,1220,1280,1250,1310,1190,1250,23,18,175.0,2.0
17,0,,16,0,Nott'm Forest,0,0,0,NFO,3,,False,0,1050,1100,1050,1110,1050,1120,15,18,177.0,2.0
49,0,,17,0,Sheffield Utd,0,0,0,SHU,2,,False,0,1045,1070,1050,1060,1040,1080,18,18,171.0,3.0
6,0,,18,0,Spurs,0,0,0,TOT,3,,False,0,1130,1200,1110,1200,1150,1200,21,18,178.0,2.0
21,0,,19,0,West Ham,0,0,0,WHU,3,,False,0,1095,1140,1100,1150,1090,1130,25,18,179.0,3.0
39,0,,20,0,Wolves,0,0,0,WOL,3,,False,0,1065,1100,1070,1160,1060,1080,38,18,180.0,3.0
3,0,,1,0,Arsenal,0,0,0,ARS,4,,False,0,1230,1285,1250,1250,1210,1320,1,19,181.0,2.0
7,0,,2,0,Aston Villa,0,0,0,AVL,3,,False,0,1115,1175,1130,1190,1100,1160,2,19,188.0,4.0
91,0,,3,0,Bournemouth,0,0,0,BOU,3,,False,0,1060,1095,1050,1100,1060,1090,127,19,182.0,2.0
94,0,,4,0,Brentford,0,0,0,BRE,3,,False,0,1125,1205,1120,1220,1130,1190,130,19,183.0,2.0
36,0,,5,0,Brighton,0,0,0,BHA,3,,False,0,1165,1210,1120,1200,1210,1240,131,19,184.0,3.0
90,0,,6,0,Burnley,0,0,0,BUR,2,,False,0,1060,1080,1060,1080,1060,1080,43,19,185.0,4.0
8,0,,7,0,Chelsea,0,0,0,CHE,3,,False,0,1115,1160,1130,1210,1100,1110,4,19,186.0,2.0
31,0,,8,0,Crystal Palace,0,0,0,CRY,3,,False,0,1100,1100,1140,1170,1080,1085,6,19,186.0,3.0
11,0,,9,0,Everton,0,0,0,EVE,3,,False,0,1075,1100,1070,1120,1080,1080,7,19,187.0,5.0
54,0,,10,0,Fulham,0,0,0,FUL,3,,False,0,1095,1100,1090,1090,1100,1140,34,19,182.0,2.0
14,0,,11,0,Liverpool,0,0,0,LIV,4,,False,0,1220,1285,1170,1270,1260,1300,10,19,185.0,2.0
102,0,,12,0,Luton,0,0,0,LUT,2,,False,0,1045,1050,1050,1050,1040,1050,163,19,190.0,2.0
43,0,,13,0,Man City,0,0,0,MCI,5,,False,0,1350,1355,1320,1340,1320,1370,11,19,187.0,2.0
1,0,,14,0,Man Utd,0,0,0,MUN,4,,False,0,1145,1275,1150,1310,1140,1240,12,19,188.0,3.0
4,0,,15,0,Newcastle,0,0,0,NEW,4,,False,0,1220,1280,1250,1310,1190,1250,23,19,189.0,2.0
17,0,,16,0,Nott'm Forest,0,0,0,NFO,3,,False,0,1050,1100,1050,1110,1050,1120,15,19,189.0,4.0
49,0,,17,0,Sheffield Utd,0,0,0,SHU,2,,False,0,1045,1070,1050,1060,1040,1080,18,19,190.0,2.0
6,0,,18,0,Spurs,0,0,0,TOT,3,,False,0,1130,1200,1110,1200,1150,1200,21,19,184.0,3.0
21,0,,19,0,West Ham,0,0,0,WHU,3,,False,0,1095,1140,1100,1150,1090,1130,25,19,181.0,4.0
39,0,,20,0,Wolves,0,0,0,WOL,3,,False,0,1065,1100,1070,1160,1060,1080,38,19,183.0,3.0
3,0,,1,0,Arsenal,0,0,0,ARS,4,,False,0,1230,1285,1250,1250,1210,1320,1,20,193.0,2.0
7,0,,2,0,Aston Villa,0,0,0,AVL,3,,False,0,1115,1175,1130,1190,1100,1160,2,20,191.0,2.0
91,0,,3,0,Bournemouth,0,0,0,BOU,3,,False,0,1060,1095,1050,1100,1060,1090,127,20,198.0,3.0
94,0,,4,0,Brentford,0,0,0,BRE,3,,False,0,1125,1205,1120,1220,1130,1190,130,20,192.0,2.0
36,0,,5,0,Brighton,0,0,0,BHA,3,,False,0,1165,1210,1120,1200,1210,1240,131,20,199.0,3.0
90,0,,6,0,Burnley,0,0,0,BUR,2,,False,0,1060,1080,1060,1080,1060,1080,43,20,191.0,3.0
8,0,,7,0,Chelsea,0,0,0,CHE,3,,False,0,1115,1160,1130,1210,1100,1110,4,20,195.0,2.0
31,0,,8,0,Crystal Palace,0,0,0,CRY,3,,False,0,1100,1100,1140,1170,1080,1085,6,20,192.0,3.0
11,0,,9,0,Everton,0,0,0,EVE,3,,False,0,1075,1100,1070,1120,1080,1080,7,20,200.0,2.0
54,0,,10,0,Fulham,0,0,0,FUL,3,,False,0,1095,1100,1090,1090,1100,1140,34,20,193.0,4.0
14,0,,11,0,Liverpool,0,0,0,LIV,4,,False,0,1220,1285,1170,1270,1260,1300,10,20,194.0,4.0
102,0,,12,0,Luton,0,0,0,LUT,2,,False,0,1045,1050,1050,1050,1040,1050,163,20,195.0,3.0
43,0,,13,0,Man City,0,0,0,MCI,5,,False,0,1350,1355,1320,1340,1320,1370,11,20,196.0,2.0
1,0,,14,0,Man Utd,0,0,0,MUN,4,,False,0,1145,1275,1150,1310,1140,1240,12,20,197.0,2.0
4,0,,15,0,Newcastle,0,0,0,NEW,4,,False,0,1220,1280,1250,1310,1190,1250,23,20,194.0,4.0
17,0,,16,0,Nott'm Forest,0,0,0,NFO,3,,False,0,1050,1100,1050,1110,1050,1120,15,20,197.0,3.0
49,0,,17,0,Sheffield Utd,0,0,0,SHU,2,,False,0,1045,1070,1050,1060,1040,1080,18,20,196.0,5.0
6,0,,18,0,Spurs,0,0,0,TOT,3,,False,0,1130,1200,1110,1200,1150,1200,21,20,198.0,2.0
21,0,,19,0,West Ham,0,0,0,WHU,3,,False,0,1095,1140,1100,1150,1090,1130,25,20,199.0,3.0
39,0,,20,0,Wolves,0,0,0,WOL,3,,False,0,1065,1100,1070,1160,1060,1080,38,20,200.0,2.0
3,0,,1,0,Arsenal,0,0,0,ARS,4,,False,0,1230,1285,1250,1250,1210,1320,1,21,201.0,2.0
7,0,,2,0,Aston Villa,0,0,0,AVL,3,,False,0,1115,1175,1130,1190,1100,1160,2,21,207.0,2.0
91,0,,3,0,Bournemouth,0,0,0,BOU,3,,False,0,1060,1095,1050,1100,1060,1090,127,21,202.0,4.0
94,0,,4,0,Brentford,0,0,0,BRE,3,,False,0,1125,1205,1120,1220,1130,1190,130,21,203.0,2.0
36,0,,5,0,Brighton,0,0,0,BHA,3,,False,0,1165,1210,1120,1200,1210,1240,131,21,204.0,2.0
90,0,,6,0,Burnley,0,0,0,BUR,2,,False,0,1060,1080,1060,1080,1060,1080,43,21,205.0,2.0
8,0,,7,0,Chelsea,0,0,0,CHE,3,,False,0,1115,1160,1130,1210,1100,1110,4,21,206.0,2.0
31,0,,8,0,Crystal Palace,0,0,0,CRY,3,,False,0,1100,1100,1140,1170,1080,1085,6,21,201.0,4.0
11,0,,9,0,Everton,0,0,0,EVE,3,,False,0,1075,1100,1070,1120,1080,1080,7,21,207.0,3.0
54,0,,10,0,Fulham,0,0,0,FUL,3,,False,0,1095,1100,1090,1090,1100,1140,34,21,206.0,3.0
14,0,,11,0,Liverpool,0,0,0,LIV,4,,False,0,1220,1285,1170,1270,1260,1300,10,21,202.0,2.0
102,0,,12,0,Luton,0,0,0,LUT,2,,False,0,1045,1050,1050,1050,1040,1050,163,21,205.0,2.0
43,0,,13,0,Man City,0,0,0,MCI,5,,False,0,1350,1355,1320,1340,1320,1370,11,21,209.0,4.0
1,0,,14,0,Man Utd,0,0,0,MUN,4,,False,0,1145,1275,1150,1310,1140,1240,12,21,208.0,3.0
4,0,,15,0,Newcastle,0,0,0,NEW,4,,False,0,1220,1280,1250,1310,1190,1250,23,21,209.0,5.0
17,0,,16,0,Nott'm Forest,0,0,0,NFO,3,,False,0,1050,1100,1050,1110,1050,1120,15,21,203.0,3.0
49,0,,17,0,Sheffield Utd,0,0,0,SHU,2,,False,0,1045,1070,1050,1060,1040,1080,18,21,210.0,2.0
6,0,,18,0,Spurs,0,0,0,TOT,3,,False,0,1130,1200,1110,1200,1150,1200,21,21,208.0,4.0
21,0,,19,0,West Ham,0,0,0,WHU,3,,False,0,1095,1140,1100,1150,1090,1130,25,21,210.0,2.0
39,0,,20,0,Wolves,0,0,0,WOL,3,,False,0,1065,1100,1070,1160,1060,1080,38,21,204.0,3.0
3,0,,1,0,Arsenal,0,0,0,ARS,4,,False,0,1230,1285,1250,1250,1210,1320,1,22,215.0,2.0
7,0,,2,0,Aston Villa,0,0,0,AVL,3,,False,0,1115,1175,1130,1190,1100,1160,2,22,211.0,4.0
91,0,,3,0,Bournemouth,0,0,0,BOU,3,,False,0,1060,1095,1050,1100,1060,1090,127,22,217.0,3.0
94,0,,4,0,Brentford,0,0,0,BRE,3,,False,0,1125,1205,1120,1220,1130,1190,130,22,216.0,3.0
36,0,,5,0,Brighton,0,0,0,BHA,3,,False,0,1165,1210,1120,1200,1210,1240,131,22,214.0,2.0
90,0,,6,0,Burnley,0,0,0,BUR,2,,False,0,1060,1080,1060,1080,1060,1080,43,22,220.0,5.0
8,0,,7,0,Chelsea,0,0,0,CHE,3,,False,0,1115,1160,1130,1210,1100,1110,4,22,219.0,4.0
31,0,,8,0,Crystal Palace,0,0,0,CRY,3,,False,0,1100,1100,1140,1170,1080,1085,6,22,212.0,2.0
11,0,,9,0,Everton,0,0,0,EVE,3,,False,0,1075,1100,1070,1120,1080,1080,7,22,213.0,2.0
54,0,,10,0,Fulham,0,0,0,FUL,3,,False,0,1095,1100,1090,1090,1100,1140,34,22,213.0,2.0
14,0,,11,0,Liverpool,0,0,0,LIV,4,,False,0,1220,1285,1170,1270,1260,1300,10,22,219.0,3.0
102,0,,12,0,Luton,0,0,0,LUT,2,,False,0,1045,1050,1050,1050,1040,1050,163,22,214.0,3.0
43,0,,13,0,Man City,0,0,0,MCI,5,,False,0,1350,1355,1320,1340,1320,1370,11,22,220.0,2.0
1,0,,14,0,Man Utd,0,0,0,MUN,4,,False,0,1145,1275,1150,1310,1140,1240,12,22,218.0,2.0
4,0,,15,0,Newcastle,0,0,0,NEW,4,,False,0,1220,1280,1250,1310,1190,1250,23,22,211.0,3.0
17,0,,16,0,Nott'm Forest,0,0,0,NFO,3,,False,0,1050,1100,1050,1110,1050,1120,15,22,215.0,4.0
49,0,,17,0,Sheffield Utd,0,0,0,SHU,2,,False,0,1045,1070,1050,1060,1040,1080,18,22,212.0,2.0
6,0,,18,0,Spurs,0,0,0,TOT,3,,False,0,1130,1200,1110,1200,1150,1200,21,22,216.0,3.0
21,0,,19,0,West Ham,0,0,0,WHU,3,,False,0,1095,1140,1100,1150,1090,1130,25,22,217.0,2.0
39,0,,20,0,Wolves,0,0,0,WOL,3,,False,0,1065,1100,1070,1160,1060,1080,38,22,218.0,3.0
3,0,,1,0,Arsenal,0,0,0,ARS,4,,False,0,1230,1285,1250,1250,1210,1320,1,23,221.0,4.0
7,0,,2,0,Aston Villa,0,0,0,AVL,3,,False,0,1115,1175,1130,1190,1100,1160,2,23,230.0,2.0
91,0,,3,0,Bournemouth,0,0,0,BOU,3,,False,0,1060,1095,1050,1100,1060,1090,127,23,222.0,2.0
94,0,,4,0,Brentford,0,0,0,BRE,3,,False,0,1125,1205,1120,1220,1130,1190,130,23,223.0,5.0
36,0,,5,0,Brighton,0,0,0,BHA,3,,False,0,1165,1210,1120,1200,1210,1240,131,23,224.0,2.0
90,0,,6,0,Burnley,0,0,0,BUR,2,,False,0,1060,1080,1060,1080,1060,1080,43,23,225.0,2.0
8,0,,7,0,Chelsea,0,0,0,CHE,3,,False,0,1115,1160,1130,1210,1100,1110,4,23,226.0,2.0
31,0,,8,0,Crystal Palace,0,0,0,CRY,3,,False,0,1100,1100,1140,1170,1080,1085,6,23,224.0,3.0
11,0,,9,0,Everton,0,0,0,EVE,3,,False,0,1075,1100,1070,1120,1080,1080,7,23,227.0,3.0
54,0,,10,0,Fulham,0,0,0,FUL,3,,False,0,1095,1100,1090,1090,1100,1140,34,23,225.0,2.0
14,0,,11,0,Liverpool,0,0,0,LIV,4,,False,0,1220,1285,1170,1270,1260,1300,10,23,221.0,4.0
102,0,,12,0,Luton,0,0,0,LUT,2,,False,0,1045,1050,1050,1050,1040,1050,163,23,229.0,4.0
43,0,,13,0,Man City,0,0,0,MCI,5,,False,0,1350,1355,1320,1340,1320,1370,11,23,223.0,3.0
1,0,,14,0,Man Utd,0,0,0,MUN,4,,False,0,1145,1275,1150,1310,1140,1240,12,23,228.0,2.0
4,0,,15,0,Newcastle,0,0,0,NEW,4,,False,0,1220,1280,1250,1310,1190,1250,23,23,229.0,2.0
17,0,,16,0,Nott'm Forest,0,0,0,NFO,3,,False,0,1050,1100,1050,1110,1050,1120,15,23,222.0,2.0
49,0,,17,0,Sheffield Utd,0,0,0,SHU,2,,False,0,1045,1070,1050,1060,1040,1080,18,23,230.0,3.0
6,0,,18,0,Spurs,0,0,0,TOT,3,,False,0,1130,1200,1110,1200,1150,1200,21,23,227.0,2.0
21,0,,19,0,West Ham,0,0,0,WHU,3,,False,0,1095,1140,1100,1150,1090,1130,25,23,228.0,4.0
39,0,,20,0,Wolves,0,0,0,WOL,3,,False,0,1065,1100,1070,1160,1060,1080,38,23,226.0,3.0
3,0,,1,0,Arsenal,0,0,0,ARS,4,,False,0,1230,1285,1250,1250,1210,1320,1,24,239.0,3.0
7,0,,2,0,Aston Villa,0,0,0,AVL,3,,False,0,1115,1175,1130,1190,1100,1160,2,24,231.0,3.0
91,0,,3,0,Bournemouth,0,0,0,BOU,3,,False,0,1060,1095,1050,1100,1060,1090,127,24,233.0,2.0
94,0,,4,0,Brentford,0,0,0,BRE,3,,False,0,1125,1205,1120,1220,1130,1190,130,24,240.0,2.0
36,0,,5,0,Brighton,0,0,0,BHA,3,,False,0,1165,1210,1120,1200,1210,1240,131,24,238.0,3.0
90,0,,6,0,Burnley,0,0,0,BUR,2,,False,0,1060,1080,1060,1080,1060,1080,43,24,234.0,4.0
8,0,,7,0,Chelsea,0,0,0,CHE,3,,False,0,1115,1160,1130,1210,1100,1110,4,24,232.0,2.0
31,0,,8,0,Crystal Palace,0,0,0,CRY,3,,False,0,1100,1100,1140,1170,1080,1085,6,24,232.0,3.0
11,0,,9,0,Everton,0,0,0,EVE,3,,False,0,1075,1100,1070,1120,1080,1080,7,24,236.0,5.0
54,0,,10,0,Fulham,0,0,0,FUL,3,,False,0,1095,1100,1090,1090,1100,1140,34,24,233.0,2.0
14,0,,11,0,Liverpool,0,0,0,LIV,4,,False,0,1220,1285,1170,1270,1260,1300,10,24,234.0,2.0
102,0,,12,0,Luton,0,0,0,LUT,2,,False,0,1045,1050,1050,1050,1040,1050,163,24,235.0,2.0
43,0,,13,0,Man City,0,0,0,MCI,5,,False,0,1350,1355,1320,1340,1320,1370,11,24,236.0,2.0
1,0,,14,0,Man Utd,0,0,0,MUN,4,,False,0,1145,1275,1150,1310,1140,1240,12,24,231.0,3.0
4,0,,15,0,Newcastle,0,0,0,NEW,4,,False,0,1220,1280,1250,1310,1190,1250,23,24,237.0,2.0
17,0,,16,0,Nott'm Forest,0,0,0,NFO,3,,False,0,1050,1100,1050,1110,1050,1120,15,24,237.0,4.0
49,0,,17,0,Sheffield Utd,0,0,0,SHU,2,,False,0,1045,1070,1050,1060,1040,1080,18,24,235.0,2.0
6,0,,18,0,Spurs,0,0,0,TOT,3,,False,0,1130,1200,1110,1200,1150,1200,21,24,238.0,3.0
21,0,,19,0,West Ham,0,0,0,WHU,3,,False,0,1095,1140,1100,1150,1090,1130,25,24,239.0,4.0
39,0,,20,0,Wolves,0,0,0,WOL,3,,False,0,1065,1100,1070,1160,1060,1080,38,24,240.0,3.0
3,0,,1,0,Arsenal,0,0,0,ARS,4,,False,0,1230,1285,1250,1250,1210,1320,1,25,242.0,2.0
7,0,,2,0,Aston Villa,0,0,0,AVL,3,,False,0,1115,1175,1130,1190,1100,1160,2,25,244.0,2.0
91,0,,3,0,Bournemouth,0,0,0,BOU,3,,False,0,1060,1095,1050,1100,1060,1090,127,25,247.0,4.0
94,0,,4,0,Brentford,0,0,0,BRE,3,,False,0,1125,1205,1120,1220,1130,1190,130,25,241.0,4.0
36,0,,5,0,Brighton,0,0,0,BHA,3,,False,0,1165,1210,1120,1200,1210,1240,131,25,249.0,2.0
90,0,,6,0,Burnley,0,0,0,BUR,2,,False,0,1060,1080,1060,1080,1060,1080,43,25,242.0,4.0
8,0,,7,0,Chelsea,0,0,0,CHE,3,,False,0,1115,1160,1130,1210,1100,1110,4,25,246.0,5.0
31,0,,8,0,Crystal Palace,0,0,0,CRY,3,,False,0,1100,1100,1140,1170,1080,1085,6,25,243.0,2.0
11,0,,9,0,Everton,0,0,0,EVE,3,,False,0,1075,1100,1070,1120,1080,1080,7,25,243.0,2.0
54,0,,10,0,Fulham,0,0,0,FUL,3,,False,0,1095,1100,1090,1090,1100,1140,34,25,244.0,3.0
14,0,,11,0,Liverpool,0,0,0,LIV,4,,False,0,1220,1285,1170,1270,1260,1300,10,25,241.0,3.0
102,0,,12,0,Luton,0,0,0,LUT,2,,False,0,1045,1050,1050,1050,1040,1050,163,25,245.0,3.0
43,0,,13,0,Man City,0,0,0,MCI,5,,False,0,1350,1355,1320,1340,1320,1370,11,25,246.0,3.0
1,0,,14,0,Man Utd,0,0,0,MUN,4,,False,0,1145,1275,1150,1310,1140,1240,12,25,245.0,2.0
4,0,,15,0,Newcastle,0,0,0,NEW,4,,False,0,1220,1280,1250,1310,1190,1250,23,25,247.0,2.0
17,0,,16,0,Nott'm Forest,0,0,0,NFO,3,,False,0,1050,1100,1050,1110,1050,1120,15,25,248.0,2.0
49,0,,17,0,Sheffield Utd,0,0,0,SHU,2,,False,0,1045,1070,1050,1060,1040,1080,18,25,249.0,3.0
6,0,,18,0,Spurs,0,0,0,TOT,3,,False,0,1130,1200,1110,1200,1150,1200,21,25,250.0,2.0
21,0,,19,0,West Ham,0,0,0,WHU,3,,False,0,1095,1140,1100,1150,1090,1130,25,25,248.0,2.0
39,0,,20,0,Wolves,0,0,0,WOL,3,,False,0,1065,1100,1070,1160,1060,1080,38,25,250.0,3.0
3,0,,1,0,Arsenal,0,0,0,ARS,4,,False,0,1230,1285,1250,1250,1210,1320,1,26,251.0,4.0
7,0,,2,0,Aston Villa,0,0,0,AVL,3,,False,0,1115,1175,1130,1190,1100,1160,2,26,252.0,2.0
91,0,,3,0,Bournemouth,0,0,0,BOU,3,,False,0,1060,1095,1050,1100,1060,1090,127,26,253.0,5.0
94,0,,4,0,Brentford,0,0,0,BRE,3,,False,0,1125,1205,1120,1220,1130,1190,130,26,259.0,3.0
36,0,,5,0,Brighton,0,0,0,BHA,3,,False,0,1165,1210,1120,1200,1210,1240,131,26,254.0,2.0
90,0,,6,0,Burnley,0,0,0,BUR,2,,False,0,1060,1080,1060,1080,1060,1080,43,26,256.0,2.0
8,0,,7,0,Chelsea,0,0,0,CHE,3,,False,0,1115,1160,1130,1210,1100,1110,4,26,255.0,3.0
31,0,,8,0,Crystal Palace,0,0,0,CRY,3,,False,0,1100,1100,1140,1170,1080,1085,6,26,256.0,2.0
11,0,,9,0,Everton,0,0,0,EVE,3,,False,0,1075,1100,1070,1120,1080,1080,7,26,254.0,3.0
54,0,,10,0,Fulham,0,0,0,FUL,3,,False,0,1095,1100,1090,1090,1100,1140,34,26,258.0,4.0
14,0,,11,0,Liverpool,0,0,0,LIV,4,,False,0,1220,1285,1170,1270,1260,1300,10,26,257.0,2.0
102,0,,12,0,Luton,0,0,0,LUT,2,,False,0,1045,1050,1050,1050,1040,1050,163,26,257.0,4.0
43,0,,13,0,Man City,0,0,0,MCI,5,,False,0,1350,1355,1320,1340,1320,1370,11,26,253.0,2.0
1,0,,14,0,Man Utd,0,0,0,MUN,4,,False,0,1145,1275,1150,1310,1140,1240,12,26,258.0,2.0
4,0,,15,0,Newcastle,0,0,0,NEW,4,,False,0,1220,1280,1250,1310,1190,1250,23,26,251.0,4.0
17,0,,16,0,Nott'm Forest,0,0,0,NFO,3,,False,0,1050,1100,1050,1110,1050,1120,15,26,252.0,3.0
49,0,,17,0,Sheffield Utd,0,0,0,SHU,2,,False,0,1045,1070,1050,1060,1040,1080,18,26,260.0,2.0
6,0,,18,0,Spurs,0,0,0,TOT,3,,False,0,1130,1200,1110,1200,1150,1200,21,26,255.0,3.0
21,0,,19,0,West Ham,0,0,0,WHU,3,,False,0,1095,1140,1100,1150,1090,1130,25,26,259.0,3.0
39,0,,20,0,Wolves,0,0,0,WOL,3,,False,0,1065,1100,1070,1160,1060,1080,38,26,260.0,2.0
3,0,,1,0,Arsenal,0,0,0,ARS,4,,False,0,1230,1285,1250,1250,1210,1320,1,27,269.0,2.0
7,0,,2,0,Aston Villa,0,0,0,AVL,3,,False,0,1115,1175,1130,1190,1100,1160,2,27,265.0,2.0
91,0,,3,0,Bournemouth,0,0,0,BOU,3,,False,0,1060,1095,1050,1100,1060,1090,127,27,262.0,2.0
94,0,,4,0,Brentford,0,0,0,BRE,3,,False,0,1125,1205,1120,1220,1130,1190,130,27,261.0,3.0
36,0,,5,0,Brighton,0,0,0,BHA,3,,False,0,1165,1210,1120,1200,1210,1240,131,27,264.0,2.0
90,0,,6,0,Burnley,0,0,0,BUR,2,,False,0,1060,1080,1060,1080,1060,1080,43,27,262.0,2.0
8,0,,7,0,Chelsea,0,0,0,CHE,3,,False,0,1115,1160,1130,1210,1100,1110,4,27,261.0,3.0
31,0,,8,0,Crystal Palace,0,0,0,CRY,3,,False,0,1100,1100,1140,1170,1080,1085,6,27,270.0,3.0
11,0,,9,0,Everton,0,0,0,EVE,3,,False,0,1075,1100,1070,1120,1080,1080,7,27,263.0,2.0
54,0,,10,0,Fulham,0,0,0,FUL,3,,False,0,1095,1100,1090,1090,1100,1140,34,27,264.0,3.0
14,0,,11,0,Liverpool,0,0,0,LIV,4,,False,0,1220,1285,1170,1270,1260,1300,10,27,268.0,2.0
102,0,,12,0,Luton,0,0,0,LUT,2,,False,0,1045,1050,1050,1050,1040,1050,163,27,265.0,3.0
43,0,,13,0,Man City,0,0,0,MCI,5,,False,0,1350,1355,1320,1340,1320,1370,11,27,266.0,3.0
1,0,,14,0,Man Utd,0,0,0,MUN,4,,False,0,1145,1275,1150,1310,1140,1240,12,27,266.0,5.0
4,0,,15,0,Newcastle,0,0,0,NEW,4,,False,0,1220,1280,1250,1310,1190,1250,23,27,267.0,2.0
17,0,,16,0,Nott'm Forest,0,0,0,NFO,3,,False,0,1050,1100,1050,1110,1050,1120,15,27,268.0,4.0
49,0,,17,0,Sheffield Utd,0,0,0,SHU,2,,False,0,1045,1070,1050,1060,1040,1080,18,27,269.0,4.0
6,0,,18,0,Spurs,0,0,0,TOT,3,,False,0,1130,1200,1110,1200,1150,1200,21,27,270.0,2.0
21,0,,19,0,West Ham,0,0,0,WHU,3,,False,0,1095,1140,1100,1150,1090,1130,25,27,263.0,2.0
39,0,,20,0,Wolves,0,0,0,WOL,3,,False,0,1065,1100,1070,1160,1060,1080,38,27,267.0,4.0
3,0,,1,0,Arsenal,0,0,0,ARS,4,,False,0,1230,1285,1250,1250,1210,1320,1,28,271.0,3.0
7,0,,2,0,Aston Villa,0,0,0,AVL,3,,False,0,1115,1175,1130,1190,1100,1160,2,28,272.0,3.0
91,0,,3,0,Bournemouth,0,0,0,BOU,3,,False,0,1060,1095,1050,1100,1060,1090,127,28,273.0,2.0
94,0,,4,0,Brentford,0,0,0,BRE,3,,False,0,1125,1205,1120,1220,1130,1190,130,28,271.0,4.0
36,0,,5,0,Brighton,0,0,0,BHA,3,,False,0,1165,1210,1120,1200,1210,1240,131,28,274.0,2.0
90,0,,6,0,Burnley,0,0,0,BUR,2,,False,0,1060,1080,1060,1080,1060,1080,43,28,279.0,3.0
8,0,,7,0,Chelsea,0,0,0,CHE,3,,False,0,1115,1160,1130,1210,1100,1110,4,28,275.0,4.0
31,0,,8,0,Crystal Palace,0,0,0,CRY,3,,False,0,1100,1100,1140,1170,1080,1085,6,28,276.0,2.0
11,0,,9,0,Everton,0,0,0,EVE,3,,False,0,1075,1100,1070,1120,1080,1080,7,28,278.0,4.0
54,0,,10,0,Fulham,0,0,0,FUL,3,,False,0,1095,1100,1090,1090,1100,1140,34,28,280.0,2.0
14,0,,11,0,Liverpool,0,0,0,LIV,4,,False,0,1220,1285,1170,1270,1260,1300,10,28,277.0,5.0
102,0,,12,0,Luton,0,0,0,LUT,2,,False,0,1045,1050,1050,1050,1040,1050,163,28,276.0,2.0
43,0,,13,0,Man City,0,0,0,MCI,5,,False,0,1350,1355,1320,1340,1320,1370,11,28,277.0,4.0
1,0,,14,0,Man Utd,0,0,0,MUN,4,,False,0,1145,1275,1150,1310,1140,1240,12,28,278.0,2.0
4,0,,15,0,Newcastle,0,0,0,NEW,4,,False,0,1220,1280,1250,1310,1190,1250,23,28,275.0,3.0
17,0,,16,0,Nott'm Forest,0,0,0,NFO,3,,False,0,1050,1100,1050,1110,1050,1120,15,28,274.0,3.0
49,0,,17,0,Sheffield Utd,0,0,0,SHU,2,,False,0,1045,1070,1050,1060,1040,1080,18,28,273.0,2.0
6,0,,18,0,Spurs,0,0,0,TOT,3,,False,0,1130,1200,1110,1200,1150,1200,21,28,272.0,3.0
21,0,,19,0,West Ham,0,0,0,WHU,3,,False,0,1095,1140,1100,1150,1090,1130,25,28,279.0,2.0
39,0,,20,0,Wolves,0,0,0,WOL,3,,False,0,1065,1100,1070,1160,1060,1080,38,28,280.0,2.0
3,0,,1,0,Arsenal,0,0,0,ARS,4,,False,0,1230,1285,1250,1250,1210,1320,1,29,281.0,3.0
7,0,,2,0,Aston Villa,0,0,0,AVL,3,,False,0,1115,1175,1130,1190,1100,1160,2,29,289.0,3.0
91,0,,3,0,Bournemouth,0,0,0,BOU,3,,False,0,1060,1095,1050,1100,1060,1090,127,29,290.0,2.0
94,0,,4,0,Brentford,0,0,0,BRE,3,,False,0,1125,1205,1120,1220,1130,1190,130,29,283.0,2.0
36,0,,5,0,Brighton,0,0,0,BHA,3,,False,0,1165,1210,1120,1200,1210,1240,131,29,282.0,5.0
90,0,,6,0,Burnley,0,0,0,BUR,2,,False,0,1060,1080,1060,1080,1060,1080,43,29,283.0,3.0
8,0,,7,0,Chelsea,0,0,0,CHE,3,,False,0,1115,1160,1130,1210,1100,1110,4,29,281.0,4.0
31,0,,8,0,Crystal Palace,0,0,0,CRY,3,,False,0,1100,1100,1140,1170,1080,1085,6,29,284.0,4.0
11,0,,9,0,Everton,0,0,0,EVE,3,,False,0,1075,1100,1070,1120,1080,1080,7,29,285.0,4.0
54,0,,10,0,Fulham,0,0,0,FUL,3,,False,0,1095,1100,1090,1090,1100,1140,34,29,286.0,3.0
14,0,,11,0,Liverpool,0,0,0,LIV,4,,False,0,1220,1285,1170,1270,1260,1300,10,29,285.0,2.0
102,0,,12,0,Luton,0,0,0,LUT,2,,False,0,1045,1050,1050,1050,1040,1050,163,29,287.0,2.0
43,0,,13,0,Man City,0,0,0,MCI,5,,False,0,1350,1355,1320,1340,1320,1370,11,29,282.0,3.0
1,0,,14,0,Man Utd,0,0,0,MUN,4,,False,0,1145,1275,1150,1310,1140,1240,12,29,288.0,2.0
4,0,,15,0,Newcastle,0,0,0,NEW,4,,False,0,1220,1280,1250,1310,1190,1250,23,29,284.0,2.0
17,0,,16,0,Nott'm Forest,0,0,0,NFO,3,,False,0,1050,1100,1050,1110,1050,1120,15,29,287.0,2.0
49,0,,17,0,Sheffield Utd,0,0,0,SHU,2,,False,0,1045,1070,1050,1060,1040,1080,18,29,288.0,4.0
6,0,,18,0,Spurs,0,0,0,TOT,3,,False,0,1130,1200,1110,1200,1150,1200,21,29,286.0,2.0
21,0,,19,0,West Ham,0,0,0,WHU,3,,False,0,1095,1140,1100,1150,1090,1130,25,29,289.0,3.0
39,0,,20,0,Wolves,0,0,0,WOL,3,,False,0,1065,1100,1070,1160,1060,1080,38,29,290.0,2.0
3,0,,1,0,Arsenal,0,0,0,ARS,4,,False,0,1230,1285,1250,1250,1210,1320,1,30,296.0,5.0
7,0,,2,0,Aston Villa,0,0,0,AVL,3,,False,0,1115,1175,1130,1190,1100,1160,2,30,291.0,2.0
91,0,,3,0,Bournemouth,0,0,0,BOU,3,,False,0,1060,1095,1050,1100,1060,1090,127,30,292.0,2.0
94,0,,4,0,Brentford,0,0,0,BRE,3,,False,0,1125,1205,1120,1220,1130,1190,130,30,293.0,3.0
36,0,,5,0,Brighton,0,0,0,BHA,3,,False,0,1165,1210,1120,1200,1210,1240,131,30,295.0,4.0
90,0,,6,0,Burnley,0,0,0,BUR,2,,False,0,1060,1080,1060,1080,1060,1080,43,30,294.0,3.0
8,0,,7,0,Chelsea,0,0,0,CHE,3,,False,0,1115,1160,1130,1210,1100,1110,4,30,294.0,2.0
31,0,,8,0,Crystal Palace,0,0,0,CRY,3,,False,0,1100,1100,1140,1170,1080,1085,6,30,298.0,2.0
11,0,,9,0,Everton,0,0,0,EVE,3,,False,0,1075,1100,1070,1120,1080,1080,7,30,292.0,2.0
54,0,,10,0,Fulham,0,0,0,FUL,3,,False,0,1095,1100,1090,1090,1100,1140,34,30,299.0,2.0
14,0,,11,0,Liverpool,0,0,0,LIV,4,,False,0,1220,1285,1170,1270,1260,1300,10,30,295.0,3.0
102,0,,12,0,Luton,0,0,0,LUT,2,,False,0,1045,1050,1050,1050,1040,1050,163,30,300.0,3.0
43,0,,13,0,Man City,0,0,0,MCI,5,,False,0,1350,1355,1320,1340,1320,1370,11,30,296.0,4.0
1,0,,14,0,Man Utd,0,0,0,MUN,4,,False,0,1145,1275,1150,1310,1140,1240,12,30,293.0,3.0
4,0,,15,0,Newcastle,0,0,0,NEW,4,,False,0,1220,1280,1250,1310,1190,1250,23,30,297.0,2.0
17,0,,16,0,Nott'm Forest,0,0,0,NFO,3,,False,0,1050,1100,1050,1110,1050,1120,15,30,298.0,2.0
49,0,,17,0,Sheffield Utd,0,0,0,SHU,2,,False,0,1045,1070,1050,1060,1040,1080,18,30,299.0,2.0
6,0,,18,0,Spurs,0,0,0,TOT,3,,False,0,1130,1200,1110,1200,1150,1200,21,30,300.0,2.0
21,0,,19,0,West Ham,0,0,0,WHU,3,,False,0,1095,1140,1100,1150,1090,1130,25,30,297.0,4.0
39,0,,20,0,Wolves,0,0,0,WOL,3,,False,0,1065,1100,1070,1160,1060,1080,38,30,291.0,3.0
3,0,,1,0,Arsenal,0,0,0,ARS,4,,False,0,1230,1285,1250,1250,1210,1320,1,31,301.0,2.0
7,0,,2,0,Aston Villa,0,0,0,AVL,3,,False,0,1115,1175,1130,1190,1100,1160,2,31,309.0,5.0
91,0,,3,0,Bournemouth,0,0,0,BOU,3,,False,0,1060,1095,1050,1100,1060,1090,127,31,302.0,2.0
94,0,,4,0,Brentford,0,0,0,BRE,3,,False,0,1125,1205,1120,1220,1130,1190,130,31,303.0,3.0
36,0,,5,0,Brighton,0,0,0,BHA,3,,False,0,1165,1210,1120,1200,1210,1240,131,31,303.0,3.0
90,0,,6,0,Burnley,0,0,0,BUR,2,,False,0,1060,1080,1060,1080,1060,1080,43,31,304.0,2.0
8,0,,7,0,Chelsea,0,0,0,CHE,3,,False,0,1115,1160,1130,1210,1100,1110,4,31,307.0,3.0
31,0,,8,0,Crystal Palace,0,0,0,CRY,3,,False,0,1100,1100,1140,1170,1080,1085,6,31,302.0,2.0
11,0,,9,0,Everton,0,0,0,EVE,3,,False,0,1075,1100,1070,1120,1080,1080,7,31,310.0,4.0
54,0,,10,0,Fulham,0,0,0,FUL,3,,False,0,1095,1100,1090,1090,1100,1140,34,31,305.0,2.0
14,0,,11,0,Liverpool,0,0,0,LIV,4,,False,0,1220,1285,1170,1270,1260,1300,10,31,308.0,2.0
102,0,,12,0,Luton,0,0,0,LUT,2,,False,0,1045,1050,1050,1050,1040,1050,163,31,301.0,4.0
43,0,,13,0,Man City,0,0,0,MCI,5,,False,0,1350,1355,1320,1340,1320,1370,11,31,309.0,3.0
1,0,,14,0,Man Utd,0,0,0,MUN,4,,False,0,1145,1275,1150,1310,1140,1240,12,31,307.0,3.0
4,0,,15,0,Newcastle,0,0,0,NEW,4,,False,0,1220,1280,1250,1310,1190,1250,23,31,310.0,2.0
17,0,,16,0,Nott'm Forest,0,0,0,NFO,3,,False,0,1050,1100,1050,1110,1050,1120,15,31,305.0,2.0
49,0,,17,0,Sheffield Utd,0,0,0,SHU,2,,False,0,1045,1070,1050,1060,1040,1080,18,31,308.0,4.0
6,0,,18,0,Spurs,0,0,0,TOT,3,,False,0,1130,1200,1110,1200,1150,1200,21,31,306.0,3.0
21,0,,19,0,West Ham,0,0,0,WHU,3,,False,0,1095,1140,1100,1150,1090,1130,25,31,306.0,3.0
39,0,,20,0,Wolves,0,0,0,WOL,3,,False,0,1065,1100,1070,1160,1060,1080,38,31,304.0,2.0
3,0,,1,0,Arsenal,0,0,0,ARS,4,,False,0,1230,1285,1250,1250,1210,1320,1,32,312.0,3.0
7,0,,2,0,Aston Villa,0,0,0,AVL,3,,False,0,1115,1175,1130,1190,1100,1160,2,32,311.0,3.0
91,0,,3,0,Bournemouth,0,0,0,BOU,3,,False,0,1060,1095,1050,1100,1060,1090,127,32,316.0,2.0
94,0,,4,0,Brentford,0,0,0,BRE,3,,False,0,1125,1205,1120,1220,1130,1190,130,32,311.0,3.0
36,0,,5,0,Brighton,0,0,0,BHA,3,,False,0,1165,1210,1120,1200,1210,1240,131,32,312.0,4.0
90,0,,6,0,Burnley,0,0,0,BUR,2,,False,0,1060,1080,1060,1080,1060,1080,43,32,314.0,2.0
8,0,,7,0,Chelsea,0,0,0,CHE,3,,False,0,1115,1160,1130,1210,1100,1110,4,32,318.0,2.0
31,0,,8,0,Crystal Palace,0,0,0,CRY,3,,False,0,1100,1100,1140,1170,1080,1085,6,32,313.0,5.0
11,0,,9,0,Everton,0,0,0,EVE,3,,False,0,1075,1100,1070,1120,1080,1080,7,32,314.0,2.0
54,0,,10,0,Fulham,0,0,0,FUL,3,,False,0,1095,1100,1090,1090,1100,1140,34,32,315.0,4.0
14,0,,11,0,Liverpool,0,0,0,LIV,4,,False,0,1220,1285,1170,1270,1260,1300,10,32,317.0,4.0
102,0,,12,0,Luton,0,0,0,LUT,2,,False,0,1045,1050,1050,1050,1040,1050,163,32,316.0,2.0
43,0,,13,0,Man City,0,0,0,MCI,5,,False,0,1350,1355,1320,1340,1320,1370,11,32,313.0,2.0
1,0,,14,0,Man Utd,0,0,0,MUN,4,,False,0,1145,1275,1150,1310,1140,1240,12,32,317.0,4.0
4,0,,15,0,Newcastle,0,0,0,NEW,4,,False,0,1220,1280,1250,1310,1190,1250,23,32,315.0,2.0
17,0,,16,0,Nott'm Forest,0,0,0,NFO,3,,False,0,1050,1100,1050,1110,1050,1120,15,32,319.0,3.0
49,0,,17,0,Sheffield Utd,0,0,0,SHU,2,,False,0,1045,1070,1050,1060,1040,1080,18,32,318.0,3.0
6,0,,18,0,Spurs,0,0,0,TOT,3,,False,0,1130,1200,1110,1200,1150,1200,21,32,319.0,2.0
21,0,,19,0,West Ham,0,0,0,WHU,3,,False,0,1095,1140,1100,1150,1090,1130,25,32,320.0,2.0
39,0,,20,0,Wolves,0,0,0,WOL,3,,False,0,1065,1100,1070,1160,1060,1080,38,32,320.0,2.0
3,0,,1,0,Arsenal,0,0,0,ARS,4,,False,0,1230,1285,1250,1250,1210,1320,1,33,321.0,3.0
7,0,,2,0,Aston Villa,0,0,0,AVL,3,,False,0,1115,1175,1130,1190,1100,1160,2,33,321.0,4.0
91,0,,3,0,Bournemouth,0,0,0,BOU,3,,False,0,1060,1095,1050,1100,1060,1090,127,33,322.0,3.0
94,0,,4,0,Brentford,0,0,0,BRE,3,,False,0,1125,1205,1120,1220,1130,1190,130,33,323.0,2.0
36,0,,5,0,Brighton,0,0,0,BHA,3,,False,0,1165,1210,1120,1200,1210,1240,131,33,324.0,2.0
90,0,,6,0,Burnley,0,0,0,BUR,2,,False,0,1060,1080,1060,1080,1060,1080,43,33,324.0,3.0
8,0,,7,0,Chelsea,0,0,0,CHE,3,,False,0,1115,1160,1130,1210,1100,1110,4,33,325.0,2.0
31,0,,8,0,Crystal Palace,0,0,0,CRY,3,,False,0,1100,1100,1140,1170,1080,1085,6,33,326.0,4.0
11,0,,9,0,Everton,0,0,0,EVE,3,,False,0,1075,1100,1070,1120,1080,1080,7,33,325.0,3.0
54,0,,10,0,Fulham,0,0,0,FUL,3,,False,0,1095,1100,1090,1090,1100,1140,34,33,330.0,3.0
14,0,,11,0,Liverpool,0,0,0,LIV,4,,False,0,1220,1285,1170,1270,1260,1300,10,33,326.0,2.0
102,0,,12,0,Luton,0,0,0,LUT,2,,False,0,1045,1050,1050,1050,1040,1050,163,33,327.0,5.0
43,0,,13,0,Man City,0,0,0,MCI,5,,False,0,1350,1355,1320,1340,1320,1370,11,33,327.0,2.0
1,0,,14,0,Man Utd,0,0,0,MUN,4,,False,0,1145,1275,1150,1310,1140,1240,12,33,322.0,2.0
4,0,,15,0,Newcastle,0,0,0,NEW,4,,False,0,1220,1280,1250,1310,1190,1250,23,33,328.0,3.0
17,0,,16,0,Nott'm Forest,0,0,0,NFO,3,,False,0,1050,1100,1050,1110,1050,1120,15,33,329.0,2.0
49,0,,17,0,Sheffield Utd,0,0,0,SHU,2,,False,0,1045,1070,1050,1060,1040,1080,18,33,323.0,3.0
6,0,,18,0,Spurs,0,0,0,TOT,3,,False,0,1130,1200,1110,1200,1150,1200,21,33,328.0,4.0
21,0,,19,0,West Ham,0,0,0,WHU,3,,False,0,1095,1140,1100,1150,1090,1130,25,33,330.0,2.0
39,0,,20,0,Wolves,0,0,0,WOL,3,,False,0,1065,1100,1070,1160,1060,1080,38,33,329.0,2.0
3,0,,1,0,Arsenal,0,0,0,ARS,4,,False,0,1230,1285,1250,1250,1210,1320,1,34,340.0,2.0
7,0,,2,0,Aston Villa,0,0,0,AVL,3,,False,0,1115,1175,1130,1190,1100,1160,2,34,331.0,2.0
91,0,,3,0,Bournemouth,0,0,0,BOU,3,,False,0,1060,1095,1050,1100,1060,1090,127,34,331.0,3.0
94,0,,4,0,Brentford,0,0,0,BRE,3,,False,0,1125,1205,1120,1220,1130,1190,130,34,336.0,2.0
36,0,,5,0,Brighton,0,0,0,BHA,3,,False,0,1165,1210,1120,1200,1210,1240,131,34,332.0,3.0
90,0,,6,0,Burnley,0,0,0,BUR,2,,False,0,1060,1080,1060,1080,1060,1080,43,34,338.0,2.0
8,0,,7,0,Chelsea,0,0,0,CHE,3,,False,0,1115,1160,1130,1210,1100,1110,4,34,332.0,3.0
31,0,,8,0,Crystal Palace,0,0,0,CRY,3,,False,0,1100,1100,1140,1170,1080,1085,6,34,333.0,2.0
11,0,,9,0,Everton,0,0,0,EVE,3,,False,0,1075,1100,1070,1120,1080,1080,7,34,334.0,2.0
54,0,,10,0,Fulham,0,0,0,FUL,3,,False,0,1095,1100,1090,1090,1100,1140,34,34,335.0,4.0
14,0,,11,0,Liverpool,0,0,0,LIV,4,,False,0,1220,1285,1170,1270,1260,1300,10,34,335.0,2.0
102,0,,12,0,Luton,0,0,0,LUT,2,,False,0,1045,1050,1050,1050,1040,1050,163,34,336.0,3.0
43,0,,13,0,Man City,0,0,0,MCI,5,,False,0,1350,1355,1320,1340,1320,1370,11,34,339.0,3.0
1,0,,14,0,Man Utd,0,0,0,MUN,4,,False,0,1145,1275,1150,1310,1140,1240,12,34,337.0,4.0
4,0,,15,0,Newcastle,0,0,0,NEW,4,,False,0,1220,1280,1250,1310,1190,1250,23,34,337.0,4.0
17,0,,16,0,Nott'm Forest,0,0,0,NFO,3,,False,0,1050,1100,1050,1110,1050,1120,15,34,334.0,2.0
49,0,,17,0,Sheffield Utd,0,0,0,SHU,2,,False,0,1045,1070,1050,1060,1040,1080,18,34,338.0,2.0
6,0,,18,0,Spurs,0,0,0,TOT,3,,False,0,1130,1200,1110,1200,1150,1200,21,34,339.0,5.0
21,0,,19,0,West Ham,0,0,0,WHU,3,,False,0,1095,1140,1100,1150,1090,1130,25,34,333.0,2.0
39,0,,20,0,Wolves,0,0,0,WOL,3,,False,0,1065,1100,1070,1160,1060,1080,38,34,340.0,4.0
3,0,,1,0,Arsenal,0,0,0,ARS,4,,False,0,1230,1285,1250,1250,1210,1320,1,35,348.0,3.0
7,0,,2,0,Aston Villa,0,0,0,AVL,3,,False,0,1115,1175,1130,1190,1100,1160,2,35,341.0,3.0
91,0,,3,0,Bournemouth,0,0,0,BOU,3,,False,0,1060,1095,1050,1100,1060,1090,127,35,342.0,3.0
94,0,,4,0,Brentford,0,0,0,BRE,3,,False,0,1125,1205,1120,1220,1130,1190,130,35,343.0,2.0
36,0,,5,0,Brighton,0,0,0,BHA,3,,False,0,1165,1210,1120,1200,1210,1240,131,35,342.0,2.0
90,0,,6,0,Burnley,0,0,0,BUR,2,,False,0,1060,1080,1060,1080,1060,1080,43,35,345.0,4.0
8,0,,7,0,Chelsea,0,0,0,CHE,3,,False,0,1115,1160,1130,1210,1100,1110,4,35,341.0,3.0
31,0,,8,0,Crystal Palace,0,0,0,CRY,3,,False,0,1100,1100,1140,1170,1080,1085,6,35,344.0,2.0
11,0,,9,0,Everton,0,0,0,EVE,3,,False,0,1075,1100,1070,1120,1080,1080,7,35,343.0,3.0
54,0,,10,0,Fulham,0,0,0,FUL,3,,False,0,1095,1100,1090,1090,1100,1140,34,35,344.0,2.0
14,0,,11,0,Liverpool,0,0,0,LIV,4,,False,0,1220,1285,1170,1270,1260,1300,10,35,349.0,3.0
102,0,,12,0,Luton,0,0,0,LUT,2,,False,0,1045,1050,1050,1050,1040,1050,163,35,350.0,2.0
43,0,,13,0,Man City,0,0,0,MCI,5,,False,0,1350,1355,1320,1340,1320,1370,11,35,347.0,2.0
1,0,,14,0,Man Utd,0,0,0,MUN,4,,False,0,1145,1275,1150,1310,1140,1240,12,35,345.0,2.0
4,0,,15,0,Newcastle,0,0,0,NEW,4,,False,0,1220,1280,1250,1310,1190,1250,23,35,346.0,2.0
17,0,,16,0,Nott'm Forest,0,0,0,NFO,3,,False,0,1050,1100,1050,1110,1050,1120,15,35,347.0,5.0
49,0,,17,0,Sheffield Utd,0,0,0,SHU,2,,False,0,1045,1070,1050,1060,1040,1080,18,35,346.0,4.0
6,0,,18,0,Spurs,0,0,0,TOT,3,,False,0,1130,1200,1110,1200,1150,1200,21,35,348.0,4.0
21,0,,19,0,West Ham,0,0,0,WHU,3,,False,0,1095,1140,1100,1150,1090,1130,25,35,349.0,4.0
39,0,,20,0,Wolves,0,0,0,WOL,3,,False,0,1065,1100,1070,1160,1060,1080,38,35,350.0,2.0
3,0,,1,0,Arsenal,0,0,0,ARS,4,,False,0,1230,1285,1250,1250,1210,1320,1,36,351.0,2.0
7,0,,2,0,Aston Villa,0,0,0,AVL,3,,False,0,1115,1175,1130,1190,1100,1160,2,36,353.0,3.0
91,0,,3,0,Bournemouth,0,0,0,BOU,3,,False,0,1060,1095,1050,1100,1060,1090,127,36,351.0,4.0
94,0,,4,0,Brentford,0,0,0,BRE,3,,False,0,1125,1205,1120,1220,1130,1190,130,36,352.0,2.0
36,0,,5,0,Brighton,0,0,0,BHA,3,,False,0,1165,1210,1120,1200,1210,1240,131,36,353.0,3.0
90,0,,6,0,Burnley,0,0,0,BUR,2,,False,0,1060,1080,1060,1080,1060,1080,43,36,354.0,4.0
8,0,,7,0,Chelsea,0,0,0,CHE,3,,False,0,1115,1160,1130,1210,1100,1110,4,36,355.0,2.0
31,0,,8,0,Crystal Palace,0,0,0,CRY,3,,False,0,1100,1100,1140,1170,1080,1085,6,36,356.0,3.0
11,0,,9,0,Everton,0,0,0,EVE,3,,False,0,1075,1100,1070,1120,1080,1080,7,36,358.0,2.0
54,0,,10,0,Fulham,0,0,0,FUL,3,,False,0,1095,1100,1090,1090,1100,1140,34,36,352.0,3.0
14,0,,11,0,Liverpool,0,0,0,LIV,4,,False,0,1220,1285,1170,1270,1260,1300,10,36,357.0,3.0
102,0,,12,0,Luton,0,0,0,LUT,2,,False,0,1045,1050,1050,1050,1040,1050,163,36,358.0,2.0
43,0,,13,0,Man City,0,0,0,MCI,5,,False,0,1350,1355,1320,1340,1320,1370,11,36,359.0,2.0
1,0,,14,0,Man Utd,0,0,0,MUN,4,,False,0,1145,1275,1150,1310,1140,1240,12,36,356.0,2.0
4,0,,15,0,Newcastle,0,0,0,NEW,4,,False,0,1220,1280,1250,1310,1190,1250,23,36,354.0,2.0
17,0,,16,0,Nott'm Forest,0,0,0,NFO,3,,False,0,1050,1100,1050,1110,1050,1120,15,36,360.0,2.0
49,0,,17,0,Sheffield Utd,0,0,0,SHU,2,,False,0,1045,1070,1050,1060,1040,1080,18,36,360.0,2.0
6,0,,18,0,Spurs,0,0,0,TOT,3,,False,0,1130,1200,1110,1200,1150,1200,21,36,357.0,4.0
21,0,,19,0,West Ham,0,0,0,WHU,3,,False,0,1095,1140,1100,1150,1090,1130,25,36,355.0,3.0
39,0,,20,0,Wolves,0,0,0,WOL,3,,False,0,1065,1100,1070,1160,1060,1080,38,36,359.0,5.0
3,0,,1,0,Arsenal,0,0,0,ARS,4,,False,0,1230,1285,1250,1250,1210,1320,1,37,365.0,4.0
7,0,,2,0,Aston Villa,0,0,0,AVL,3,,False,0,1115,1175,1130,1190,1100,1160,2,37,361.0,4.0
91,0,,3,0,Bournemouth,0,0,0,BOU,3,,False,0,1060,1095,1050,1100,1060,1090,127,37,362.0,3.0
94,0,,4,0,Brentford,0,0,0,BRE,3,,False,0,1125,1205,1120,1220,1130,1190,130,37,362.0,2.0
36,0,,5,0,Brighton,0,0,0,BHA,3,,False,0,1165,1210,1120,1200,1210,1240,131,37,366.0,4.0
90,0,,6,0,Burnley,0,0,0,BUR,2,,False,0,1060,1080,1060,1080,1060,1080,43,37,368.0,3.0
8,0,,7,0,Chelsea,0,0,0,CHE,3,,False,0,1115,1160,1130,1210,1100,1110,4,37,367.0,2.0
31,0,,8,0,Crystal Palace,0,0,0,CRY,3,,False,0,1100,1100,1140,1170,1080,1085,6,37,370.0,2.0
11,0,,9,0,Everton,0,0,0,EVE,3,,False,0,1075,1100,1070,1120,1080,1080,7,37,363.0,2.0
54,0,,10,0,Fulham,0,0,0,FUL,3,,False,0,1095,1100,1090,1090,1100,1140,34,37,364.0,5.0
14,0,,11,0,Liverpool,0,0,0,LIV,4,,False,0,1220,1285,1170,1270,1260,1300,10,37,361.0,3.0
102,0,,12,0,Luton,0,0,0,LUT,2,,False,0,1045,1050,1050,1050,1040,1050,163,37,369.0,3.0
43,0,,13,0,Man City,0,0,0,MCI,5,,False,0,1350,1355,1320,1340,1320,1370,11,37,364.0,2.0
1,0,,14,0,Man Utd,0,0,0,MUN,4,,False,0,1145,1275,1150,1310,1140,1240,12,37,365.0,4.0
4,0,,15,0,Newcastle,0,0,0,NEW,4,,False,0,1220,1280,1250,1310,1190,1250,23,37,366.0,3.0
17,0,,16,0,Nott'm Forest,0,0,0,NFO,3,,False,0,1050,1100,1050,1110,1050,1120,15,37,367.0,3.0
49,0,,17,0,Sheffield Utd,0,0,0,SHU,2,,False,0,1045,1070,1050,1060,1040,1080,18,37,363.0,2.0
6,0,,18,0,Spurs,0,0,0,TOT,3,,False,0,1130,1200,1110,1200,1150,1200,21,37,368.0,2.0
21,0,,19,0,West Ham,0,0,0,WHU,3,,False,0,1095,1140,1100,1150,1090,1130,25,37,369.0,2.0
39,0,,20,0,Wolves,0,0,0,WOL,3,,False,0,1065,1100,1070,1160,1060,1080,38,37,370.0,2.0
3,0,,1,0,Arsenal,0,0,0,ARS,4,,False,0,1230,1285,1250,1250,1210,1320,1,38,371.0,2.0
7,0,,2,0,Aston Villa,0,0,0,AVL,3,,False,0,1115,1175,1130,1190,1100,1160,2,38,376.0,2.0
91,0,,3,0,Bournemouth,0,0,0,BOU,3,,False,0,1060,1095,1050,1100,1060,1090,127,38,375.0,3.0
94,0,,4,0,Brentford,0,0,0,BRE,3,,False,0,1125,1205,1120,1220,1130,1190,130,38,372.0,4.0
36,0,,5,0,Brighton,0,0,0,BHA,3,,False,0,1165,1210,1120,1200,1210,1240,131,38,373.0,3.0
90,0,,6,0,Burnley,0,0,0,BUR,2,,False,0,1060,1080,1060,1080,1060,1080,43,38,374.0,2.0
8,0,,7,0,Chelsea,0,0,0,CHE,3,,False,0,1115,1160,1130,1210,1100,1110,4,38,375.0,2.0
31,0,,8,0,Crystal Palace,0,0,0,CRY,3,,False,0,1100,1100,1140,1170,1080,1085,6,38,376.0,3.0
11,0,,9,0,Everton,0,0,0,EVE,3,,False,0,1075,1100,1070,1120,1080,1080,7,38,371.0,4.0
54,0,,10,0,Fulham,0,0,0,FUL,3,,False,0,1095,1100,1090,1090,1100,1140,34,38,378.0,2.0
14,0,,11,0,Liverpool,0,0,0,LIV,4,,False,0,1220,1285,1170,1270,1260,1300,10,38,377.0,2.0
102,0,,12,0,Luton,0,0,0,LUT,2,,False,0,1045,1050,1050,1050,1040,1050,163,38,378.0,2.0
43,0,,13,0,Man City,0,0,0,MCI,5,,False,0,1350,1355,1320,1340,1320,1370,11,38,379.0,2.0
1,0,,14,0,Man Utd,0,0,0,MUN,4,,False,0,1145,1275,1150,1310,1140,1240,12,38,373.0,3.0
4,0,,15,0,Newcastle,0,0,0,NEW,4,,False,0,1220,1280,1250,1310,1190,1250,23,38,372.0,3.0
17,0,,16,0,Nott'm Forest,0,0,0,NFO,3,,False,0,1050,1100,1050,1110,1050,1120,15,38,374.0,2.0
49,0,,17,0,Sheffield Utd,0,0,0,SHU,2,,False,0,1045,1070,1050,1060,1040,1080,18,38,380.0,3.0
6,0,,18,0,Spurs,0,0,0,TOT,3,,False,0,1130,1200,1110,1200,1150,1200,21,38,380.0,2.0
21,0,,19,0,West Ham,0,0,0,WHU,3,,False,0,1095,1140,1100,1150,1090,1130,25,38,379.0,5.0
39,0,,20,0,Wolves,0,0,0,WOL,3,,False,0,1065,1100,1070,1160,1060,1080,38,38,377.0,4.0
